dien_tich,so_phong_ngu,so_phong_tam,tinh_thanh,quan_huyen,loai_bds,gia_tien
54.6,3,3,Hà Nội,Quận Hai Bà Trưng,CanHo,4627.0
101.1,3,3,Đồng Nai,Huyện Nhơn Trạch,CanHo,2829.0
97.4,2,2,Hà Nội,Quận Hà Đông,CanHo,3668.0
96.1,2,1,Đà Nẵng,Quận Thanh Khê,NhaO,8816.0
133.1,4,3,TP. Hồ Chí Minh,Bình Chánh,NhaO,6595.0
115.4,2,1,TP. Hồ Chí Minh,Quận 3,CanHo,11278.0
129.4,5,3,Hà Nội,Quận Thanh Xuân,NhaO,17480.0
152.1,5,4,TP. Hồ Chí Minh,Gò Vấp,NhaO,13185.0
71.1,2,2,TP. Hồ Chí Minh,Bình Chánh,CanHo,1678.0
40.2,1,1,Đà Nẵng,Quận Liên Chiểu,CanHo,1042.0
91.3,1,1,Đồng Nai,Huyện Trảng Bom,CanHo,1720.0
65.7,2,2,Đà Nẵng,Quận Liên Chiểu,NhaO,4536.0
117.6,1,1,TP. Hồ Chí Minh,Quận 7,CanHo,6624.0
77.1,3,3,Bình Dương,Thành phố Thuận An,NhaO,5988.0
98.7,3,2,Đồng Nai,Huyện Nhơn Trạch,NhaO,4561.0
182.7,4,3,TP. Hồ Chí Minh,Bình Thạnh,NhaO,23713.0
56.9,4,4,Đồng Nai,Thành phố Biên Hòa,NhaO,5125.0
248.9,5,5,Đồng Nai,Thành phố Biên Hòa,NhaO,22521.0
42.6,2,1,Đồng Nai,Thành phố Long Khánh,CanHo,1250.0
208.7,3,3,Bình Dương,Thị xã Bến Cát,NhaO,8456.0
83.3,2,2,Bình Dương,Thị xã Bến Cát,NhaO,3192.0
72.7,1,1,Hà Nội,Quận Long Biên,CanHo,2898.0
41.3,1,1,Đồng Nai,Thành phố Long Khánh,CanHo,1193.0
94.9,1,1,Bình Dương,Thị xã Bến Cát,CanHo,2063.0
191.7,4,3,Bình Dương,Thành phố Thuận An,NhaO,13644.0
96.6,2,2,Bình Dương,Thành phố Thủ Dầu Một,CanHo,4268.0
135.7,5,4,TP. Hồ Chí Minh,Quận 3,NhaO,32550.0
57.4,3,2,Hà Nội,Quận Cầu Giấy,CanHo,4634.0
131.9,5,4,Đồng Nai,Thành phố Biên Hòa,NhaO,11578.0
236.4,4,4,Đà Nẵng,Quận Thanh Khê,NhaO,22527.0
48.5,1,1,Hà Nội,Quận Hà Đông,CanHo,1752.0
61.8,1,1,TP. Hồ Chí Minh,Quận 7,CanHo,3966.0
51.1,2,1,Đà Nẵng,Quận Hải Châu,NhaO,6871.0
238.4,2,1,Đồng Nai,Huyện Trảng Bom,NhaO,8797.0
137.4,5,3,Đà Nẵng,Quận Hải Châu,NhaO,20525.0
207.8,5,5,Đà Nẵng,Quận Hải Châu,NhaO,32250.0
115.5,2,1,Bình Dương,Thị xã Bến Cát,CanHo,2507.0
65.5,2,1,Đà Nẵng,Quận Thanh Khê,CanHo,2595.0
150.6,3,3,TP. Hồ Chí Minh,Bình Thạnh,NhaO,20064.0
89.9,3,2,Đồng Nai,Huyện Trảng Bom,CanHo,1951.0
87.1,1,1,TP. Hồ Chí Minh,Quận 1,CanHo,8294.0
50.0,3,2,TP. Hồ Chí Minh,Quận 3,NhaO,9167.0
176.6,2,1,Bình Dương,Thị xã Tân Uyên,NhaO,8653.0
245.4,2,2,Bình Dương,Thị xã Tân Uyên,NhaO,11204.0
46.4,3,1,Đà Nẵng,Quận Thanh Khê,NhaO,3756.0
174.3,4,3,Đồng Nai,Thành phố Biên Hòa,NhaO,14954.0
112.4,2,1,Đồng Nai,Thành phố Biên Hòa,CanHo,4382.0
134.7,2,1,TP. Hồ Chí Minh,Quận 7,NhaO,14449.0
43.6,1,1,Hà Nội,Quận Hà Đông,CanHo,1630.0
249.5,2,1,Đà Nẵng,Quận Liên Chiểu,NhaO,15265.0
140.2,3,2,Đồng Nai,Huyện Trảng Bom,NhaO,5528.0
60.6,4,3,Bình Dương,Thị xã Bến Cát,NhaO,2885.0
73.3,5,4,Đồng Nai,Huyện Long Thành,NhaO,5100.0
68.7,3,2,Đà Nẵng,Quận Sơn Trà,CanHo,4093.0
106.1,2,2,Bình Dương,Thành phố Thủ Dầu Một,CanHo,4555.0
123.9,4,2,TP. Hồ Chí Minh,Quận 7,NhaO,14794.0
107.9,3,3,Bình Dương,Thị xã Tân Uyên,NhaO,4925.0
67.9,2,2,Hà Nội,Quận Thanh Xuân,CanHo,3796.0
35.7,5,3,Bình Dương,Thị xã Bến Cát,NhaO,1692.0
42.8,2,2,Hà Nội,Quận Đống Đa,CanHo,3515.0
96.2,1,1,Hà Nội,Quận Long Biên,CanHo,3886.0
49.3,1,1,Đà Nẵng,Quận Hải Châu,CanHo,2434.0
110.1,1,1,TP. Hồ Chí Minh,Bình Chánh,CanHo,2673.0
202.0,3,2,Đà Nẵng,Quận Hải Châu,NhaO,25165.0
61.3,2,1,Hà Nội,Quận Đống Đa,CanHo,4419.0
123.7,2,2,Bình Dương,Thị xã Bến Cát,NhaO,4529.0
44.8,2,2,Bình Dương,Thành phố Thuận An,CanHo,1570.0
120.3,3,1,Đà Nẵng,Quận Liên Chiểu,NhaO,8187.0
155.2,2,1,Bình Dương,Thành phố Thuận An,NhaO,10293.0
132.5,5,3,Đà Nẵng,Quận Sơn Trà,NhaO,16861.0
227.2,4,3,TP. Hồ Chí Minh,Gò Vấp,NhaO,20613.0
50.5,1,1,TP. Hồ Chí Minh,Quận 3,CanHo,4694.0
82.2,1,1,Bình Dương,Thị xã Bến Cát,CanHo,1673.0
43.7,4,4,Đà Nẵng,Quận Liên Chiểu,NhaO,2870.0
96.7,2,1,TP. Hồ Chí Minh,Bình Chánh,NhaO,3600.0
58.8,3,2,Đà Nẵng,Quận Hải Châu,CanHo,3809.0
198.5,3,3,Đồng Nai,Thành phố Long Khánh,NhaO,10216.0
91.3,4,3,Bình Dương,Thị xã Bến Cát,NhaO,4345.0
73.6,2,1,TP. Hồ Chí Minh,Quận 3,NhaO,12705.0
55.8,1,1,Hà Nội,Quận Hà Đông,CanHo,2145.0
120.3,4,2,Đồng Nai,Thành phố Biên Hòa,NhaO,10457.0
156.8,5,5,Hà Nội,Quận Đống Đa,NhaO,33910.0
89.7,3,3,Bình Dương,Thành phố Thuận An,CanHo,3600.0
201.0,4,2,TP. Hồ Chí Minh,Quận 3,NhaO,41256.0
169.0,4,2,Đồng Nai,Thành phố Biên Hòa,NhaO,14273.0
90.7,2,1,TP. Hồ Chí Minh,Quận 3,CanHo,8022.0
105.3,2,1,Đà Nẵng,Quận Thanh Khê,NhaO,9395.0
209.9,5,5,Bình Dương,Thành phố Thuận An,NhaO,15985.0
73.1,2,2,Bình Dương,Thành phố Thủ Dầu Một,CanHo,2867.0
68.8,2,2,Hà Nội,Quận Long Biên,CanHo,3167.0
43.0,2,1,Đồng Nai,Huyện Trảng Bom,CanHo,847.0
71.6,3,1,Bình Dương,Thành phố Thuận An,NhaO,5270.0
85.4,2,1,Đồng Nai,Huyện Long Thành,CanHo,2942.0
179.3,3,3,Đồng Nai,Thành phố Biên Hòa,NhaO,14382.0
51.5,3,3,Đà Nẵng,Quận Ngũ Hành Sơn,CanHo,2316.0
48.9,3,2,Hà Nội,Quận Hoàn Kiếm,CanHo,5749.0
55.2,5,3,TP. Hồ Chí Minh,Bình Chánh,NhaO,2792.0
75.4,2,2,Đồng Nai,Huyện Long Thành,CanHo,2678.0
88.4,1,1,Đà Nẵng,Quận Liên Chiểu,CanHo,2211.0
63.8,3,3,TP. Hồ Chí Minh,Quận 3,CanHo,5926.0
143.6,5,5,Bình Dương,Thành phố Thủ Dầu Một,NhaO,14251.0
207.8,2,2,TP. Hồ Chí Minh,Quận 1,NhaO,49611.0
95.8,1,1,Đà Nẵng,Quận Sơn Trà,CanHo,4469.0
85.7,3,2,Hà Nội,Quận Đống Đa,CanHo,7513.0
53.5,1,1,Hà Nội,Quận Long Biên,CanHo,2083.0
88.6,3,3,Bình Dương,Thị xã Tân Uyên,CanHo,2225.0
84.4,3,3,Bình Dương,Thành phố Dĩ An,CanHo,3086.0
44.9,1,1,Hà Nội,Quận Long Biên,CanHo,1749.0
58.3,3,3,Bình Dương,Thành phố Thủ Dầu Một,CanHo,2337.0
88.0,2,2,Đà Nẵng,Quận Thanh Khê,CanHo,3774.0
61.9,2,1,Bình Dương,Thành phố Thuận An,CanHo,1958.0
130.1,2,2,Đồng Nai,Thành phố Long Khánh,NhaO,6973.0
94.4,2,1,Đà Nẵng,Quận Liên Chiểu,CanHo,2920.0
97.1,2,2,TP. Hồ Chí Minh,Bình Chánh,CanHo,2317.0
41.2,3,1,Đồng Nai,Huyện Nhơn Trạch,NhaO,1976.0
41.8,3,3,Bình Dương,Thành phố Dĩ An,CanHo,1631.0
36.6,4,2,TP. Hồ Chí Minh,Quận 12,NhaO,2219.0
116.7,3,3,Hà Nội,Quận Hai Bà Trưng,CanHo,10801.0
78.3,1,1,Bình Dương,Thị xã Bến Cát,CanHo,1699.0
60.3,4,3,Hà Nội,Quận Đống Đa,NhaO,11761.0
85.7,5,3,Đồng Nai,Huyện Trảng Bom,NhaO,3803.0
47.9,5,4,Đà Nẵng,Quận Ngũ Hành Sơn,NhaO,4796.0
142.3,2,2,Đồng Nai,Huyện Trảng Bom,NhaO,6315.0
225.3,5,3,Đồng Nai,Huyện Trảng Bom,NhaO,9764.0
207.7,5,4,Bình Dương,Thị xã Tân Uyên,NhaO,11485.0
136.2,5,3,Đồng Nai,Thành phố Long Khánh,NhaO,7749.0
170.4,4,3,Đà Nẵng,Quận Ngũ Hành Sơn,NhaO,19149.0
122.0,5,5,Bình Dương,Thị xã Tân Uyên,NhaO,7189.0
51.3,3,3,Bình Dương,Thị xã Tân Uyên,CanHo,1462.0
117.0,3,2,Bình Dương,Thành phố Dĩ An,CanHo,4612.0
85.5,2,1,Đồng Nai,Huyện Nhơn Trạch,CanHo,2330.0
192.3,3,3,Bình Dương,Thành phố Thủ Dầu Một,NhaO,15356.0
155.7,3,3,TP. Hồ Chí Minh,Bình Chánh,NhaO,6753.0
88.5,2,1,Bình Dương,Thành phố Thủ Dầu Một,NhaO,6370.0
79.0,2,1,Đồng Nai,Huyện Long Thành,CanHo,2665.0
82.5,5,4,Hà Nội,Quận Long Biên,NhaO,9128.0
216.2,2,1,Đồng Nai,Huyện Long Thành,NhaO,13567.0
89.9,1,1,Hà Nội,Quận Hà Đông,CanHo,3387.0
109.5,3,3,Hà Nội,Quận Cầu Giấy,CanHo,8937.0
64.1,3,3,Đà Nẵng,Quận Liên Chiểu,NhaO,4171.0
42.1,5,3,Hà Nội,Quận Đống Đa,NhaO,8289.0
74.0,5,3,Bình Dương,Thành phố Dĩ An,NhaO,6170.0
105.1,5,5,Bình Dương,Thị xã Bến Cát,NhaO,5497.0
41.1,2,1,Bình Dương,Thị xã Tân Uyên,CanHo,979.0
70.1,2,2,Đà Nẵng,Quận Ngũ Hành Sơn,CanHo,3180.0
50.2,2,2,Đồng Nai,Huyện Nhơn Trạch,CanHo,1209.0
84.3,4,4,TP. Hồ Chí Minh,Quận 1,NhaO,23503.0
91.0,1,1,Bình Dương,Thành phố Thủ Dầu Một,CanHo,3635.0
107.9,3,2,Bình Dương,Thành phố Thuận An,CanHo,3794.0
195.5,2,1,Đà Nẵng,Quận Hải Châu,NhaO,23526.0
61.9,3,2,TP. Hồ Chí Minh,Quận 3,CanHo,6070.0
106.8,3,1,TP. Hồ Chí Minh,Quận 1,NhaO,22847.0
44.5,3,3,Hà Nội,Quận Cầu Giấy,CanHo,3741.0
136.1,2,1,TP. Hồ Chí Minh,Bình Chánh,NhaO,5164.0
45.2,5,3,Hà Nội,Quận Cầu Giấy,NhaO,8053.0
102.2,2,1,Hà Nội,Quận Thanh Xuân,NhaO,12536.0
216.9,3,3,Hà Nội,Quận Hai Bà Trưng,NhaO,41650.0
165.9,5,5,Hà Nội,Quận Hoàn Kiếm,NhaO,51178.0
42.7,5,4,TP. Hồ Chí Minh,Bình Chánh,NhaO,2023.0
237.2,4,2,Đồng Nai,Huyện Long Thành,NhaO,17570.0
87.5,3,2,TP. Hồ Chí Minh,Quận 12,CanHo,3004.0
117.8,2,2,Hà Nội,Quận Thanh Xuân,CanHo,6458.0
76.7,5,3,Hà Nội,Quận Hai Bà Trưng,NhaO,15327.0
191.4,3,2,TP. Hồ Chí Minh,Quận 1,NhaO,41824.0
109.1,2,1,Hà Nội,Quận Hà Đông,CanHo,4468.0
155.5,4,4,Bình Dương,Thành phố Thuận An,NhaO,11232.0
129.6,2,1,Hà Nội,Quận Long Biên,NhaO,12646.0
108.5,1,1,Bình Dương,Thị xã Tân Uyên,CanHo,2369.0
244.5,2,1,Bình Dương,Thành phố Thủ Dầu Một,NhaO,17954.0
211.6,3,1,Đồng Nai,Huyện Long Thành,NhaO,12986.0
128.4,5,4,TP. Hồ Chí Minh,Quận 3,NhaO,27993.0
96.3,1,1,Đà Nẵng,Quận Liên Chiểu,CanHo,2371.0
213.0,4,2,Đồng Nai,Huyện Trảng Bom,NhaO,8958.0
150.1,5,5,Đà Nẵng,Quận Thanh Khê,NhaO,16909.0
247.9,4,4,Hà Nội,Quận Long Biên,NhaO,26036.0
69.5,1,1,Bình Dương,Thị xã Bến Cát,CanHo,1531.0
224.2,2,1,Đà Nẵng,Quận Liên Chiểu,NhaO,14988.0
61.6,3,3,Bình Dương,Thành phố Thuận An,CanHo,2482.0
65.0,3,3,TP. Hồ Chí Minh,Quận 3,CanHo,7034.0
44.8,1,1,Bình Dương,Thành phố Thuận An,CanHo,1582.0
137.8,3,2,Đà Nẵng,Quận Thanh Khê,NhaO,12277.0
222.8,2,2,Đà Nẵng,Quận Sơn Trà,NhaO,23275.0
181.3,4,2,Bình Dương,Thành phố Thuận An,NhaO,13366.0
100.3,3,3,TP. Hồ Chí Minh,Bình Chánh,CanHo,2629.0
198.3,3,2,TP. Hồ Chí Minh,Quận 3,NhaO,34748.0
68.3,3,2,Bình Dương,Thành phố Thuận An,CanHo,2580.0
117.9,4,2,Bình Dương,Thành phố Dĩ An,NhaO,9295.0
55.8,2,1,Đà Nẵng,Quận Thanh Khê,NhaO,4546.0
54.1,4,4,Đà Nẵng,Quận Liên Chiểu,NhaO,4063.0
246.4,4,4,Hà Nội,Quận Đống Đa,NhaO,48795.0
174.6,5,5,Đà Nẵng,Quận Ngũ Hành Sơn,NhaO,20843.0
116.8,1,1,TP. Hồ Chí Minh,Bình Chánh,CanHo,2587.0
59.7,3,2,Hà Nội,Quận Hai Bà Trưng,CanHo,5222.0
88.5,2,1,TP. Hồ Chí Minh,Gò Vấp,NhaO,6107.0
50.6,3,3,TP. Hồ Chí Minh,Quận 1,CanHo,5188.0
102.7,1,1,Bình Dương,Thành phố Thuận An,CanHo,3055.0
203.8,4,4,Đà Nẵng,Quận Liên Chiểu,NhaO,14161.0
71.4,1,1,Hà Nội,Quận Cầu Giấy,CanHo,5246.0
77.6,3,3,Bình Dương,Thành phố Thủ Dầu Một,NhaO,6014.0
60.4,3,3,Đà Nẵng,Quận Ngũ Hành Sơn,CanHo,3249.0
56.2,2,1,Đồng Nai,Huyện Long Thành,CanHo,1745.0
117.5,3,3,Hà Nội,Quận Cầu Giấy,CanHo,9471.0
40.1,3,2,Hà Nội,Quận Hoàn Kiếm,CanHo,4357.0
58.1,1,1,Đà Nẵng,Quận Hải Châu,CanHo,3093.0
183.9,3,1,TP. Hồ Chí Minh,Quận 1,NhaO,41744.0
80.7,3,3,Đồng Nai,Huyện Nhơn Trạch,CanHo,2242.0
101.4,3,3,TP. Hồ Chí Minh,Quận 3,CanHo,9309.0
204.8,4,2,TP. Hồ Chí Minh,Bình Chánh,NhaO,8920.0
58.6,2,1,TP. Hồ Chí Minh,Bình Chánh,CanHo,1462.0
157.5,5,4,Bình Dương,Thành phố Dĩ An,NhaO,13226.0
164.2,2,1,Đồng Nai,Thành phố Biên Hòa,NhaO,12429.0
100.2,4,2,Đồng Nai,Huyện Nhơn Trạch,NhaO,4825.0
100.5,1,1,Đồng Nai,Thành phố Long Khánh,CanHo,2662.0
65.7,1,1,Đồng Nai,Thành phố Long Khánh,CanHo,1886.0
57.4,3,3,TP. Hồ Chí Minh,Gò Vấp,CanHo,2463.0
79.3,1,1,Bình Dương,Thành phố Thuận An,CanHo,2516.0
164.2,4,2,Đồng Nai,Huyện Long Thành,NhaO,11073.0
54.0,2,1,Đồng Nai,Thành phố Long Khánh,CanHo,1670.0
105.1,1,1,Đà Nẵng,Quận Thanh Khê,CanHo,3992.0
83.5,3,2,Đà Nẵng,Quận Ngũ Hành Sơn,CanHo,3746.0
118.6,1,1,TP. Hồ Chí Minh,Bình Chánh,CanHo,2925.0
64.6,3,3,Đà Nẵng,Quận Hải Châu,CanHo,3839.0
121.5,5,4,TP. Hồ Chí Minh,Bình Thạnh,NhaO,16606.0
52.5,2,2,Hà Nội,Quận Thanh Xuân,CanHo,2911.0
43.5,3,1,Đà Nẵng,Quận Sơn Trà,NhaO,4888.0
62.2,2,1,Hà Nội,Quận Long Biên,NhaO,5838.0
110.3,3,3,Bình Dương,Thành phố Thủ Dầu Một,NhaO,9715.0
52.9,3,2,Đồng Nai,Huyện Nhơn Trạch,NhaO,2383.0
70.3,1,1,Đồng Nai,Thành phố Long Khánh,CanHo,1760.0
91.7,2,2,Bình Dương,Thành phố Dĩ An,CanHo,3624.0
51.4,2,2,TP. Hồ Chí Minh,Quận 3,CanHo,5234.0
42.0,5,5,Bình Dương,Thành phố Dĩ An,NhaO,3701.0
54.4,2,1,Hà Nội,Quận Hà Đông,NhaO,4829.0
229.7,4,4,Đồng Nai,Huyện Nhơn Trạch,NhaO,11489.0
42.3,1,1,Đồng Nai,Thành phố Long Khánh,CanHo,1110.0
211.2,5,3,Đà Nẵng,Quận Liên Chiểu,NhaO,14576.0
40.0,5,5,Hà Nội,Quận Thanh Xuân,NhaO,6157.0
79.6,3,2,TP. Hồ Chí Minh,Gò Vấp,CanHo,3630.0
71.2,2,1,Hà Nội,Quận Hai Bà Trưng,CanHo,5980.0
54.9,1,1,Hà Nội,Quận Thanh Xuân,CanHo,3120.0
227.5,3,1,Đà Nẵng,Quận Liên Chiểu,NhaO,13498.0
87.4,1,1,Hà Nội,Quận Đống Đa,CanHo,6241.0
237.1,4,3,Đồng Nai,Thành phố Biên Hòa,NhaO,21090.0
94.2,4,2,TP. Hồ Chí Minh,Bình Chánh,NhaO,4118.0
64.1,3,3,Bình Dương,Thị xã Bến Cát,NhaO,2642.0
50.3,3,3,Đồng Nai,Huyện Long Thành,CanHo,1783.0
68.9,1,1,Hà Nội,Quận Đống Đa,CanHo,4990.0
176.9,4,2,Bình Dương,Thị xã Tân Uyên,NhaO,8063.0
97.7,3,2,Hà Nội,Quận Thanh Xuân,NhaO,12285.0
169.6,2,1,Hà Nội,Quận Thanh Xuân,NhaO,21033.0
141.0,4,3,Đà Nẵng,Quận Hải Châu,NhaO,21740.0
122.7,5,4,TP. Hồ Chí Minh,Quận 1,NhaO,34840.0
84.0,5,4,Đà Nẵng,Quận Liên Chiểu,NhaO,6681.0
223.6,4,2,Đồng Nai,Huyện Nhơn Trạch,NhaO,10237.0
74.3,2,2,Hà Nội,Quận Cầu Giấy,CanHo,6050.0
94.0,3,3,Đồng Nai,Huyện Trảng Bom,NhaO,3999.0
102.8,4,3,TP. Hồ Chí Minh,Bình Thạnh,NhaO,14959.0
203.1,2,2,TP. Hồ Chí Minh,Gò Vấp,NhaO,16095.0
106.1,5,4,Bình Dương,Thành phố Thủ Dầu Một,NhaO,10146.0
235.3,2,1,Bình Dương,Thành phố Thủ Dầu Một,NhaO,17074.0
50.2,3,2,Hà Nội,Quận Đống Đa,CanHo,4031.0
118.7,2,2,Đồng Nai,Thành phố Long Khánh,CanHo,3629.0
60.0,1,1,Hà Nội,Quận Đống Đa,CanHo,4912.0
114.8,4,2,Hà Nội,Quận Thanh Xuân,NhaO,14422.0
86.5,3,3,Đà Nẵng,Quận Liên Chiểu,CanHo,2886.0
113.9,2,1,TP. Hồ Chí Minh,Bình Thạnh,CanHo,7856.0
51.7,3,2,Bình Dương,Thành phố Dĩ An,CanHo,1966.0
196.0,5,3,Đồng Nai,Huyện Nhơn Trạch,NhaO,9829.0
65.7,1,1,TP. Hồ Chí Minh,Quận 3,CanHo,5285.0
102.6,2,1,Hà Nội,Quận Hai Bà Trưng,NhaO,16981.0
118.7,2,1,Bình Dương,Thị xã Bến Cát,NhaO,4993.0
73.4,3,2,Bình Dương,Thành phố Thuận An,CanHo,2913.0
88.7,2,2,Đồng Nai,Thành phố Long Khánh,NhaO,4809.0
85.8,5,5,Bình Dương,Thành phố Dĩ An,NhaO,6589.0
152.4,2,1,Hà Nội,Quận Đống Đa,NhaO,23675.0
100.5,4,3,Đồng Nai,Thành phố Long Khánh,NhaO,5493.0
113.8,2,2,TP. Hồ Chí Minh,Quận 12,CanHo,3656.0
78.4,1,1,Bình Dương,Thành phố Thủ Dầu Một,CanHo,3212.0
110.8,2,2,Bình Dương,Thành phố Dĩ An,CanHo,4493.0
200.7,4,3,Hà Nội,Quận Cầu Giấy,NhaO,33334.0
107.9,3,3,Bình Dương,Thành phố Thuận An,CanHo,3672.0
86.0,3,3,Bình Dương,Thành phố Dĩ An,CanHo,3333.0
59.6,2,1,Đồng Nai,Thành phố Long Khánh,CanHo,1519.0
36.6,3,2,Đà Nẵng,Quận Hải Châu,NhaO,4859.0
71.1,1,1,TP. Hồ Chí Minh,Quận 7,CanHo,4350.0
100.1,3,2,Đà Nẵng,Quận Sơn Trà,CanHo,5310.0
245.3,3,3,Hà Nội,Quận Hai Bà Trưng,NhaO,46935.0
81.3,1,1,Đồng Nai,Thành phố Long Khánh,CanHo,2184.0
54.9,3,3,Đồng Nai,Huyện Long Thành,CanHo,1858.0
126.3,5,4,Đà Nẵng,Quận Thanh Khê,NhaO,12386.0
95.7,2,1,Bình Dương,Thành phố Thuận An,CanHo,2985.0
208.5,3,2,Hà Nội,Quận Long Biên,NhaO,22740.0
72.2,3,3,Đà Nẵng,Quận Liên Chiểu,CanHo,2152.0
42.9,2,1,Đà Nẵng,Quận Sơn Trà,NhaO,4718.0
221.1,2,2,Đà Nẵng,Quận Liên Chiểu,NhaO,13454.0
114.3,2,1,Hà Nội,Quận Đống Đa,CanHo,9491.0
68.7,3,2,Hà Nội,Quận Cầu Giấy,NhaO,11893.0
169.5,4,4,Bình Dương,Thành phố Thủ Dầu Một,NhaO,13879.0
45.0,2,2,Hà Nội,Quận Hà Đông,CanHo,1843.0
69.9,3,2,Đồng Nai,Thành phố Long Khánh,NhaO,4061.0
173.3,4,2,Đà Nẵng,Quận Liên Chiểu,NhaO,10854.0
88.0,2,2,TP. Hồ Chí Minh,Quận 12,CanHo,2397.0
75.3,2,1,Bình Dương,Thị xã Bến Cát,NhaO,3008.0
92.4,2,2,Đồng Nai,Thành phố Biên Hòa,NhaO,7753.0
100.0,3,2,Hà Nội,Quận Hai Bà Trưng,CanHo,8814.0
238.9,4,2,Đà Nẵng,Quận Ngũ Hành Sơn,NhaO,23148.0
94.6,3,3,Đồng Nai,Thành phố Long Khánh,NhaO,5497.0
191.3,4,3,Đồng Nai,Thành phố Long Khánh,NhaO,10029.0
82.6,1,1,Hà Nội,Quận Hai Bà Trưng,CanHo,5788.0
107.3,1,1,Bình Dương,Thành phố Thuận An,CanHo,3655.0
94.6,3,2,Đà Nẵng,Quận Thanh Khê,NhaO,9181.0
61.8,4,2,TP. Hồ Chí Minh,Bình Thạnh,NhaO,8605.0
192.8,4,4,TP. Hồ Chí Minh,Bình Chánh,NhaO,9165.0
112.8,3,1,Đà Nẵng,Quận Liên Chiểu,NhaO,7815.0
196.8,3,3,TP. Hồ Chí Minh,Quận 1,NhaO,47897.0
43.2,1,1,Bình Dương,Thành phố Dĩ An,CanHo,1608.0
238.0,2,1,Hà Nội,Quận Thanh Xuân,NhaO,28810.0
51.0,2,1,Bình Dương,Thành phố Thuận An,CanHo,1885.0
76.8,2,2,Hà Nội,Quận Long Biên,CanHo,3644.0
70.6,1,1,Đồng Nai,Huyện Long Thành,CanHo,2180.0
184.0,2,2,Bình Dương,Thành phố Thủ Dầu Một,NhaO,12920.0
159.3,5,4,TP. Hồ Chí Minh,Gò Vấp,NhaO,13297.0
161.8,5,4,TP. Hồ Chí Minh,Quận 12,NhaO,9541.0
104.7,2,2,Bình Dương,Thành phố Thủ Dầu Một,NhaO,8111.0
218.6,2,1,Hà Nội,Quận Hoàn Kiếm,NhaO,52423.0
174.9,3,2,Đồng Nai,Huyện Nhơn Trạch,NhaO,9150.0
159.7,5,5,Hà Nội,Quận Hà Đông,NhaO,15294.0
50.5,2,1,Đồng Nai,Thành phố Long Khánh,CanHo,1524.0
235.1,5,3,Bình Dương,Thị xã Bến Cát,NhaO,10476.0
80.8,2,2,Đồng Nai,Thành phố Biên Hòa,CanHo,3156.0
76.6,3,3,Đà Nẵng,Quận Sơn Trà,CanHo,4546.0
43.3,3,3,TP. Hồ Chí Minh,Bình Chánh,CanHo,1141.0
94.3,2,1,TP. Hồ Chí Minh,Quận 12,CanHo,2584.0
45.8,3,1,TP. Hồ Chí Minh,Bình Chánh,NhaO,1724.0
55.5,2,1,Hà Nội,Quận Đống Đa,CanHo,4409.0
98.3,3,2,Bình Dương,Thành phố Dĩ An,CanHo,4116.0
215.0,5,4,TP. Hồ Chí Minh,Bình Thạnh,NhaO,28967.0
115.1,4,3,Đà Nẵng,Quận Thanh Khê,NhaO,10310.0
240.2,3,3,Bình Dương,Thành phố Thuận An,NhaO,16236.0
79.2,1,1,TP. Hồ Chí Minh,Bình Thạnh,CanHo,5017.0
75.8,3,2,Bình Dương,Thị xã Bến Cát,CanHo,1754.0
79.0,1,1,Bình Dương,Thành phố Thủ Dầu Một,CanHo,2948.0
224.8,2,1,Bình Dương,Thị xã Tân Uyên,NhaO,9782.0
66.5,2,2,Bình Dương,Thành phố Dĩ An,NhaO,4382.0
52.2,2,2,Đà Nẵng,Quận Hải Châu,CanHo,2986.0
109.5,2,2,Hà Nội,Quận Cầu Giấy,CanHo,8249.0
114.7,5,3,Đồng Nai,Thành phố Long Khánh,NhaO,7340.0
43.5,4,2,Đồng Nai,Huyện Long Thành,NhaO,3034.0
242.6,4,3,TP. Hồ Chí Minh,Gò Vấp,NhaO,19993.0
84.6,3,3,Đồng Nai,Huyện Nhơn Trạch,CanHo,2085.0
48.4,2,1,Bình Dương,Thị xã Tân Uyên,CanHo,1297.0
59.3,2,1,Bình Dương,Thành phố Thủ Dầu Một,NhaO,4698.0
90.6,2,1,Đà Nẵng,Quận Thanh Khê,CanHo,3377.0
54.0,1,1,Hà Nội,Quận Hai Bà Trưng,CanHo,3690.0
49.7,1,1,Đà Nẵng,Quận Liên Chiểu,CanHo,1372.0
62.6,2,2,Đồng Nai,Thành phố Biên Hòa,CanHo,2309.0
106.6,5,4,Bình Dương,Thành phố Thuận An,NhaO,7895.0
46.2,3,2,Bình Dương,Thị xã Bến Cát,CanHo,1223.0
52.4,2,2,Đồng Nai,Thành phố Biên Hòa,CanHo,2252.0
80.0,3,3,TP. Hồ Chí Minh,Quận 1,CanHo,9684.0
66.3,3,2,Hà Nội,Quận Hai Bà Trưng,CanHo,5432.0
93.5,1,1,Đồng Nai,Huyện Trảng Bom,CanHo,1799.0
210.7,3,3,Đồng Nai,Huyện Nhơn Trạch,NhaO,9451.0
190.0,5,4,Bình Dương,Thị xã Tân Uyên,NhaO,11220.0
104.5,3,2,TP. Hồ Chí Minh,Quận 1,CanHo,12176.0
240.0,4,3,Bình Dương,Thành phố Thuận An,NhaO,19642.0
87.3,3,2,Đồng Nai,Huyện Trảng Bom,CanHo,1733.0
157.1,4,3,Bình Dương,Thị xã Tân Uyên,NhaO,7499.0
170.7,3,1,TP. Hồ Chí Minh,Quận 12,NhaO,8881.0
105.5,2,1,Đồng Nai,Thành phố Long Khánh,CanHo,2779.0
191.5,3,2,Bình Dương,Thị xã Tân Uyên,NhaO,10171.0
231.1,3,3,Đồng Nai,Thành phố Long Khánh,NhaO,13583.0
62.4,2,1,Hà Nội,Quận Hoàn Kiếm,NhaO,15447.0
209.5,5,4,Đồng Nai,Thành phố Biên Hòa,NhaO,19863.0
214.6,5,5,Hà Nội,Quận Cầu Giấy,NhaO,41897.0
219.1,3,3,Hà Nội,Quận Hai Bà Trưng,NhaO,36526.0
231.2,4,2,TP. Hồ Chí Minh,Quận 3,NhaO,49265.0
213.8,2,1,TP. Hồ Chí Minh,Quận 3,NhaO,36689.0
96.4,1,1,Đồng Nai,Huyện Trảng Bom,CanHo,1968.0
120.3,2,1,TP. Hồ Chí Minh,Quận 3,NhaO,19801.0
82.8,1,1,TP. Hồ Chí Minh,Quận 1,CanHo,8659.0
178.8,2,1,Hà Nội,Quận Thanh Xuân,NhaO,23120.0
61.0,2,1,Đồng Nai,Huyện Nhơn Trạch,NhaO,2700.0
42.4,5,4,Hà Nội,Quận Hoàn Kiếm,NhaO,11744.0
44.8,2,1,Hà Nội,Quận Hai Bà Trưng,NhaO,6618.0
96.1,1,1,Đồng Nai,Huyện Long Thành,CanHo,2742.0
162.4,5,5,Bình Dương,Thị xã Bến Cát,NhaO,7420.0
80.8,3,3,TP. Hồ Chí Minh,Quận 1,CanHo,9917.0
109.0,5,3,Hà Nội,Quận Cầu Giấy,NhaO,22416.0
47.7,1,1,Đà Nẵng,Quận Liên Chiểu,CanHo,1360.0
218.7,3,1,TP. Hồ Chí Minh,Bình Chánh,NhaO,8171.0
71.6,2,1,TP. Hồ Chí Minh,Gò Vấp,CanHo,3101.0
100.9,1,1,TP. Hồ Chí Minh,Quận 12,CanHo,2592.0
43.5,4,4,Đà Nẵng,Quận Sơn Trà,NhaO,5430.0
112.7,1,1,Hà Nội,Quận Hà Đông,CanHo,4064.0
49.6,2,2,Hà Nội,Quận Hai Bà Trưng,CanHo,3651.0
73.4,2,1,TP. Hồ Chí Minh,Quận 7,CanHo,4785.0
40.0,1,1,Đồng Nai,Huyện Nhơn Trạch,CanHo,1038.0
217.2,3,2,Bình Dương,Thị xã Tân Uyên,NhaO,9901.0
81.4,1,1,TP. Hồ Chí Minh,Bình Chánh,CanHo,2053.0
119.3,3,2,Hà Nội,Quận Hai Bà Trưng,NhaO,20478.0
97.8,3,3,Hà Nội,Quận Long Biên,CanHo,5053.0
184.8,2,1,Đồng Nai,Thành phố Biên Hòa,NhaO,14044.0
95.6,3,3,Đà Nẵng,Quận Sơn Trà,CanHo,5426.0
176.1,3,3,Hà Nội,Quận Đống Đa,NhaO,30621.0
114.2,1,1,Bình Dương,Thành phố Dĩ An,CanHo,4084.0
235.4,2,2,Hà Nội,Quận Long Biên,NhaO,22394.0
58.5,3,3,Đà Nẵng,Quận Ngũ Hành Sơn,CanHo,2737.0
50.3,5,3,Bình Dương,Thành phố Thuận An,NhaO,4067.0
182.0,4,2,Đà Nẵng,Quận Thanh Khê,NhaO,16727.0
227.5,3,3,Bình Dương,Thành phố Thuận An,NhaO,17669.0
62.7,3,3,Bình Dương,Thị xã Bến Cát,CanHo,1596.0
63.2,1,1,Đà Nẵng,Quận Ngũ Hành Sơn,CanHo,2785.0
90.8,3,3,Hà Nội,Quận Cầu Giấy,CanHo,7305.0
60.8,3,2,Bình Dương,Thị xã Bến Cát,NhaO,2514.0
177.9,3,2,Đà Nẵng,Quận Hải Châu,NhaO,23427.0
106.7,3,3,Bình Dương,Thị xã Bến Cát,CanHo,2417.0
117.3,5,4,TP. Hồ Chí Minh,Quận 1,NhaO,29318.0
94.1,2,1,Bình Dương,Thành phố Dĩ An,CanHo,3622.0
47.4,2,2,TP. Hồ Chí Minh,Bình Chánh,CanHo,1132.0
103.2,1,1,Hà Nội,Quận Hoàn Kiếm,CanHo,10592.0
57.1,4,4,Đà Nẵng,Quận Hải Châu,NhaO,8130.0
63.0,2,1,Hà Nội,Quận Hoàn Kiếm,CanHo,6348.0
76.7,2,2,Hà Nội,Quận Thanh Xuân,CanHo,4525.0
75.1,2,2,Đồng Nai,Huyện Long Thành,CanHo,2466.0
55.0,2,1,Hà Nội,Quận Long Biên,NhaO,5455.0
53.8,3,2,TP. Hồ Chí Minh,Quận 1,CanHo,5548.0
49.2,5,5,Bình Dương,Thành phố Thủ Dầu Một,NhaO,4631.0
101.3,3,1,TP. Hồ Chí Minh,Quận 7,NhaO,10518.0
248.3,2,1,Bình Dương,Thị xã Tân Uyên,NhaO,10430.0
59.6,2,1,Bình Dương,Thị xã Tân Uyên,CanHo,1564.0
50.0,2,1,Bình Dương,Thị xã Tân Uyên,CanHo,1347.0
53.1,2,1,TP. Hồ Chí Minh,Quận 12,CanHo,1651.0
234.9,4,3,Đà Nẵng,Quận Ngũ Hành Sơn,NhaO,25106.0
108.1,1,1,Đồng Nai,Huyện Nhơn Trạch,CanHo,2608.0
73.5,2,2,Đà Nẵng,Quận Hải Châu,CanHo,4055.0
111.5,3,3,TP. Hồ Chí Minh,Bình Chánh,CanHo,2924.0
135.5,2,1,Đồng Nai,Thành phố Long Khánh,NhaO,6777.0
96.4,2,1,Hà Nội,Quận Thanh Xuân,CanHo,5714.0
232.1,3,3,Đồng Nai,Huyện Nhơn Trạch,NhaO,10831.0
224.1,3,3,TP. Hồ Chí Minh,Gò Vấp,NhaO,16508.0
59.7,3,2,Đà Nẵng,Quận Thanh Khê,CanHo,2742.0
73.3,1,1,Bình Dương,Thành phố Thuận An,CanHo,2393.0
77.9,5,5,TP. Hồ Chí Minh,Bình Thạnh,NhaO,12250.0
59.3,2,2,TP. Hồ Chí Minh,Quận 7,CanHo,3536.0
208.7,4,4,Đà Nẵng,Quận Liên Chiểu,NhaO,14528.0
249.5,5,4,Bình Dương,Thị xã Tân Uyên,NhaO,13790.0
47.1,5,3,TP. Hồ Chí Minh,Quận 7,NhaO,6024.0
42.3,3,2,Bình Dương,Thị xã Bến Cát,NhaO,1881.0
113.7,1,1,Hà Nội,Quận Hà Đông,CanHo,4466.0
174.3,5,3,TP. Hồ Chí Minh,Quận 1,NhaO,48764.0
115.3,3,2,Bình Dương,Thành phố Dĩ An,CanHo,4476.0
114.1,1,1,Đà Nẵng,Quận Liên Chiểu,CanHo,3011.0
186.5,5,4,Đà Nẵng,Quận Liên Chiểu,NhaO,14576.0
69.0,3,3,Đà Nẵng,Quận Thanh Khê,CanHo,3114.0
60.1,1,1,Đà Nẵng,Quận Sơn Trà,CanHo,2684.0
70.8,3,3,TP. Hồ Chí Minh,Quận 1,CanHo,7292.0
77.2,2,1,Đồng Nai,Huyện Trảng Bom,CanHo,1539.0
46.6,3,2,Bình Dương,Thị xã Tân Uyên,NhaO,2292.0
241.7,4,2,Đồng Nai,Huyện Trảng Bom,NhaO,10519.0
49.9,3,2,Đồng Nai,Huyện Long Thành,CanHo,1527.0
118.5,4,2,Bình Dương,Thành phố Dĩ An,NhaO,8556.0
76.7,2,2,Đà Nẵng,Quận Sơn Trà,CanHo,3686.0
128.3,3,3,Hà Nội,Quận Hai Bà Trưng,NhaO,23199.0
50.2,2,1,Đồng Nai,Thành phố Biên Hòa,CanHo,2119.0
63.7,5,3,Đồng Nai,Thành phố Biên Hòa,NhaO,5526.0
114.6,1,1,Đồng Nai,Huyện Nhơn Trạch,CanHo,2802.0
80.1,3,2,Đồng Nai,Thành phố Biên Hòa,CanHo,3554.0
95.8,3,2,Đồng Nai,Thành phố Biên Hòa,CanHo,4382.0
72.1,2,1,Đồng Nai,Huyện Trảng Bom,NhaO,2891.0
89.2,1,1,TP. Hồ Chí Minh,Bình Chánh,CanHo,2191.0
183.1,3,2,TP. Hồ Chí Minh,Quận 12,NhaO,9931.0
75.6,3,2,Hà Nội,Quận Thanh Xuân,NhaO,10137.0
61.7,3,2,Hà Nội,Quận Hai Bà Trưng,CanHo,5339.0
103.6,2,2,Hà Nội,Quận Hai Bà Trưng,CanHo,7641.0
76.5,3,2,Đà Nẵng,Quận Sơn Trà,NhaO,8732.0
79.6,2,1,Đồng Nai,Thành phố Long Khánh,CanHo,2438.0
85.3,2,1,Bình Dương,Thành phố Thuận An,CanHo,2939.0
89.4,2,2,TP. Hồ Chí Minh,Quận 1,NhaO,19841.0
149.1,5,5,Bình Dương,Thành phố Thủ Dầu Một,NhaO,12621.0
43.4,1,1,Đồng Nai,Huyện Trảng Bom,CanHo,865.0
111.6,1,1,Đà Nẵng,Quận Thanh Khê,CanHo,4274.0
164.4,2,2,Đồng Nai,Huyện Trảng Bom,NhaO,6744.0
114.4,1,1,Đà Nẵng,Quận Thanh Khê,CanHo,4343.0
126.6,2,1,Hà Nội,Quận Cầu Giấy,NhaO,18851.0
227.7,2,2,Đồng Nai,Huyện Nhơn Trạch,NhaO,11010.0
55.1,1,1,Đồng Nai,Thành phố Long Khánh,CanHo,1525.0
71.2,2,2,Đồng Nai,Thành phố Long Khánh,NhaO,3644.0
92.4,2,2,Bình Dương,Thị xã Bến Cát,CanHo,2156.0
247.1,2,1,Hà Nội,Quận Thanh Xuân,NhaO,30427.0
114.8,5,4,Bình Dương,Thành phố Thuận An,NhaO,8252.0
140.4,5,3,Bình Dương,Thị xã Bến Cát,NhaO,7041.0
45.7,2,1,Bình Dương,Thị xã Tân Uyên,CanHo,1214.0
167.5,2,2,Đà Nẵng,Quận Liên Chiểu,NhaO,11549.0
39.9,3,1,Đồng Nai,Thành phố Biên Hòa,NhaO,3124.0
71.7,2,2,Đà Nẵng,Quận Liên Chiểu,CanHo,1913.0
247.9,5,3,Hà Nội,Quận Đống Đa,NhaO,51549.0
147.5,2,2,Bình Dương,Thị xã Bến Cát,NhaO,6051.0
59.2,2,1,Đà Nẵng,Quận Thanh Khê,CanHo,2310.0
60.4,5,4,Hà Nội,Quận Thanh Xuân,NhaO,9928.0
173.0,5,5,Hà Nội,Quận Hoàn Kiếm,NhaO,55768.0
118.6,3,1,Hà Nội,Quận Đống Đa,NhaO,19996.0
45.4,3,2,Bình Dương,Thành phố Thuận An,CanHo,1799.0
87.7,1,1,Đà Nẵng,Quận Ngũ Hành Sơn,CanHo,4040.0
49.3,1,1,Đà Nẵng,Quận Liên Chiểu,CanHo,1291.0
45.2,2,1,Đồng Nai,Huyện Nhơn Trạch,CanHo,1192.0
232.4,5,3,Đồng Nai,Huyện Trảng Bom,NhaO,11734.0
50.0,4,3,Đồng Nai,Huyện Trảng Bom,NhaO,2425.0
93.4,3,3,Đà Nẵng,Quận Sơn Trà,CanHo,5711.0
51.0,3,1,Đồng Nai,Thành phố Long Khánh,NhaO,2510.0
104.4,3,1,Bình Dương,Thành phố Dĩ An,NhaO,7505.0
43.5,2,1,TP. Hồ Chí Minh,Quận 3,CanHo,3585.0
101.8,1,1,Bình Dương,Thành phố Thủ Dầu Một,CanHo,4231.0
174.0,3,3,Hà Nội,Quận Long Biên,NhaO,17245.0
214.3,5,3,Bình Dương,Thị xã Tân Uyên,NhaO,11329.0
99.5,1,1,Đà Nẵng,Quận Liên Chiểu,CanHo,2480.0
71.1,3,2,Đồng Nai,Huyện Nhơn Trạch,CanHo,1817.0
195.3,2,2,Hà Nội,Quận Hoàn Kiếm,NhaO,48492.0
75.4,2,1,Hà Nội,Quận Long Biên,CanHo,3224.0
107.8,3,2,Đồng Nai,Huyện Long Thành,CanHo,3431.0
116.2,2,2,Đồng Nai,Thành phố Long Khánh,NhaO,5628.0
72.0,3,3,Đà Nẵng,Quận Sơn Trà,CanHo,4140.0
85.3,2,1,Đà Nẵng,Quận Thanh Khê,CanHo,3158.0
86.0,3,1,Bình Dương,Thành phố Thuận An,NhaO,6246.0
249.2,3,2,TP. Hồ Chí Minh,Quận 7,NhaO,29068.0
105.9,3,3,Đà Nẵng,Quận Sơn Trà,CanHo,6183.0
113.8,3,3,Bình Dương,Thị xã Tân Uyên,NhaO,5376.0
100.1,1,1,Bình Dương,Thành phố Dĩ An,CanHo,3246.0
107.4,3,2,Bình Dương,Thành phố Thuận An,NhaO,8016.0
90.1,1,1,Hà Nội,Quận Hai Bà Trưng,CanHo,7132.0
91.9,1,1,Hà Nội,Quận Đống Đa,CanHo,7576.0
52.7,1,1,Đồng Nai,Thành phố Long Khánh,CanHo,1386.0
170.8,4,2,Hà Nội,Quận Cầu Giấy,NhaO,32142.0
227.5,5,5,TP. Hồ Chí Minh,Quận 7,NhaO,28254.0
69.1,2,2,Hà Nội,Quận Hai Bà Trưng,CanHo,5540.0
77.4,3,3,Đồng Nai,Huyện Trảng Bom,CanHo,1630.0
67.0,3,3,Bình Dương,Thành phố Thủ Dầu Một,NhaO,4979.0
51.1,2,2,Bình Dương,Thị xã Bến Cát,CanHo,1205.0
122.1,4,4,Bình Dương,Thị xã Bến Cát,NhaO,5995.0
168.5,5,5,TP. Hồ Chí Minh,Quận 7,NhaO,21358.0
200.0,4,2,TP. Hồ Chí Minh,Quận 12,NhaO,11368.0
99.9,1,1,TP. Hồ Chí Minh,Gò Vấp,CanHo,4009.0
67.1,3,2,Đồng Nai,Huyện Long Thành,CanHo,2399.0
159.1,2,1,Đà Nẵng,Quận Ngũ Hành Sơn,NhaO,14112.0
80.5,3,3,TP. Hồ Chí Minh,Quận 12,CanHo,2814.0
208.6,5,5,Đà Nẵng,Quận Hải Châu,NhaO,32325.0
88.7,1,1,Đà Nẵng,Quận Thanh Khê,CanHo,3430.0
50.6,3,2,Hà Nội,Quận Long Biên,CanHo,2320.0
128.5,3,2,Hà Nội,Quận Thanh Xuân,NhaO,17655.0
73.2,1,1,Hà Nội,Quận Hà Đông,CanHo,2653.0
65.8,1,1,Đà Nẵng,Quận Thanh Khê,CanHo,2656.0
177.9,4,3,Đồng Nai,Thành phố Biên Hòa,NhaO,14658.0
246.5,5,4,Đà Nẵng,Quận Ngũ Hành Sơn,NhaO,27048.0
98.2,2,1,Bình Dương,Thị xã Bến Cát,NhaO,4195.0
41.1,2,2,Hà Nội,Quận Đống Đa,CanHo,3283.0
191.8,2,2,TP. Hồ Chí Minh,Bình Chánh,NhaO,7662.0
111.7,5,4,Đồng Nai,Huyện Long Thành,NhaO,7623.0
63.8,3,3,TP. Hồ Chí Minh,Bình Thạnh,CanHo,4744.0
57.4,1,1,Đồng Nai,Huyện Long Thành,CanHo,1670.0
245.2,2,2,Đà Nẵng,Quận Thanh Khê,NhaO,19996.0
60.6,3,2,Đà Nẵng,Quận Liên Chiểu,CanHo,1792.0
173.6,4,3,Bình Dương,Thị xã Tân Uyên,NhaO,9617.0
50.9,1,1,Hà Nội,Quận Hai Bà Trưng,CanHo,3754.0
174.4,2,1,Đà Nẵng,Quận Thanh Khê,NhaO,15311.0
90.4,5,4,Hà Nội,Quận Cầu Giấy,NhaO,15864.0
98.4,2,2,Hà Nội,Quận Cầu Giấy,CanHo,7759.0
105.6,1,1,TP. Hồ Chí Minh,Quận 3,CanHo,9915.0
152.5,2,2,Đà Nẵng,Quận Thanh Khê,NhaO,12642.0
51.6,5,5,Đồng Nai,Huyện Long Thành,NhaO,4366.0
109.8,1,1,Đà Nẵng,Quận Liên Chiểu,CanHo,3255.0
105.0,4,4,Đồng Nai,Thành phố Biên Hòa,NhaO,9598.0
64.6,1,1,Đồng Nai,Thành phố Biên Hòa,CanHo,2521.0
82.4,3,2,Đà Nẵng,Quận Sơn Trà,CanHo,4063.0
215.7,4,4,Hà Nội,Quận Đống Đa,NhaO,42328.0
114.3,3,3,Đồng Nai,Huyện Nhơn Trạch,CanHo,3126.0
74.3,3,3,Đồng Nai,Huyện Nhơn Trạch,CanHo,2120.0
93.2,1,1,Hà Nội,Quận Hà Đông,CanHo,3658.0
100.1,3,3,Đà Nẵng,Quận Hải Châu,CanHo,5604.0
110.3,4,4,Đồng Nai,Thành phố Biên Hòa,NhaO,10005.0
88.1,2,2,Đồng Nai,Thành phố Long Khánh,CanHo,2388.0
205.4,4,4,Đà Nẵng,Quận Ngũ Hành Sơn,NhaO,22261.0
144.1,3,2,Hà Nội,Quận Hai Bà Trưng,NhaO,24842.0
95.6,3,2,Hà Nội,Quận Hai Bà Trưng,NhaO,18404.0
92.9,1,1,Bình Dương,Thành phố Dĩ An,CanHo,3231.0
71.2,3,1,Hà Nội,Quận Cầu Giấy,NhaO,11155.0
166.9,2,1,Đà Nẵng,Quận Sơn Trà,NhaO,16858.0
40.7,1,1,TP. Hồ Chí Minh,Gò Vấp,CanHo,1593.0
52.6,1,1,Đồng Nai,Huyện Trảng Bom,CanHo,1115.0
53.9,1,1,Bình Dương,Thị xã Bến Cát,CanHo,1233.0
54.0,1,1,Đồng Nai,Thành phố Long Khánh,CanHo,1550.0
69.6,1,1,Đà Nẵng,Quận Hải Châu,CanHo,3831.0
156.5,4,3,TP. Hồ Chí Minh,Gò Vấp,NhaO,13956.0
154.5,2,1,Hà Nội,Quận Đống Đa,NhaO,26608.0
69.8,4,4,Đà Nẵng,Quận Liên Chiểu,NhaO,4960.0
97.8,1,1,Đồng Nai,Huyện Nhơn Trạch,CanHo,2452.0
70.2,1,1,Đồng Nai,Huyện Long Thành,CanHo,2034.0
204.1,3,2,TP. Hồ Chí Minh,Quận 1,NhaO,48386.0
44.4,3,3,TP. Hồ Chí Minh,Bình Chánh,CanHo,1092.0
77.8,3,2,Bình Dương,Thị xã Tân Uyên,CanHo,1965.0
64.6,2,2,Hà Nội,Quận Đống Đa,NhaO,10396.0
180.5,4,2,Hà Nội,Quận Long Biên,NhaO,17868.0
113.3,2,2,TP. Hồ Chí Minh,Bình Chánh,CanHo,2940.0
50.2,3,2,Hà Nội,Quận Đống Đa,CanHo,4542.0
182.7,3,2,Bình Dương,Thành phố Thuận An,NhaO,13383.0
200.8,2,1,TP. Hồ Chí Minh,Quận 1,NhaO,45527.0
114.3,2,1,Đồng Nai,Huyện Trảng Bom,CanHo,2336.0
180.1,3,2,Đà Nẵng,Quận Hải Châu,NhaO,25939.0
173.4,3,1,TP. Hồ Chí Minh,Quận 3,NhaO,35743.0
96.3,5,5,Hà Nội,Quận Hoàn Kiếm,NhaO,28106.0
150.5,2,1,Bình Dương,Thành phố Thủ Dầu Một,NhaO,10212.0
225.4,3,2,Đà Nẵng,Quận Hải Châu,NhaO,27919.0
170.2,4,3,Đà Nẵng,Quận Hải Châu,NhaO,24860.0
48.9,3,2,TP. Hồ Chí Minh,Quận 12,CanHo,1512.0
79.8,5,5,TP. Hồ Chí Minh,Quận 12,NhaO,4855.0
74.0,3,3,TP. Hồ Chí Minh,Quận 12,CanHo,2554.0
184.1,3,3,Hà Nội,Quận Hai Bà Trưng,NhaO,30446.0
104.8,3,2,TP. Hồ Chí Minh,Bình Chánh,CanHo,2922.0
223.5,5,3,Bình Dương,Thành phố Thuận An,NhaO,16500.0
72.3,2,2,Bình Dương,Thị xã Bến Cát,NhaO,2693.0
132.2,5,5,Bình Dương,Thị xã Tân Uyên,NhaO,7221.0
118.3,2,2,Đồng Nai,Huyện Long Thành,CanHo,3689.0
163.5,2,1,TP. Hồ Chí Minh,Quận 3,NhaO,31819.0
84.4,2,1,TP. Hồ Chí Minh,Quận 7,CanHo,5432.0
61.6,3,2,Đà Nẵng,Quận Ngũ Hành Sơn,CanHo,3197.0
61.0,3,3,TP. Hồ Chí Minh,Quận 1,CanHo,6919.0
166.7,5,4,Hà Nội,Quận Hai Bà Trưng,NhaO,29947.0
114.8,5,5,Đà Nẵng,Quận Liên Chiểu,NhaO,9110.0
200.9,5,3,Bình Dương,Thị xã Tân Uyên,NhaO,9924.0
86.7,2,1,Hà Nội,Quận Đống Đa,CanHo,7148.0
162.9,2,1,Đồng Nai,Huyện Trảng Bom,NhaO,7085.0
184.6,2,1,TP. Hồ Chí Minh,Quận 12,NhaO,8714.0
64.8,2,1,Hà Nội,Quận Long Biên,CanHo,2838.0
61.7,1,1,Hà Nội,Quận Long Biên,CanHo,2490.0
228.4,5,4,Đồng Nai,Thành phố Long Khánh,NhaO,12736.0
84.3,2,1,Bình Dương,Thành phố Thuận An,CanHo,2948.0
93.2,3,3,Đồng Nai,Thành phố Biên Hòa,CanHo,3749.0
53.0,3,3,TP. Hồ Chí Minh,Bình Thạnh,CanHo,4314.0
111.5,1,1,Đà Nẵng,Quận Thanh Khê,CanHo,4039.0
168.3,2,1,Đồng Nai,Huyện Long Thành,NhaO,9640.0
66.3,3,2,Bình Dương,Thị xã Tân Uyên,CanHo,1834.0
70.9,3,2,Đồng Nai,Thành phố Long Khánh,CanHo,2334.0
57.2,3,3,Đồng Nai,Huyện Nhơn Trạch,NhaO,2630.0
119.5,2,1,Đà Nẵng,Quận Liên Chiểu,NhaO,8068.0
184.3,2,2,TP. Hồ Chí Minh,Bình Thạnh,NhaO,22074.0
53.6,1,1,Hà Nội,Quận Cầu Giấy,CanHo,3484.0
182.7,5,3,Hà Nội,Quận Hai Bà Trưng,NhaO,33323.0
72.8,3,2,TP. Hồ Chí Minh,Gò Vấp,CanHo,3229.0
196.0,3,1,Bình Dương,Thành phố Thủ Dầu Một,NhaO,13723.0
82.2,2,1,Đà Nẵng,Quận Liên Chiểu,NhaO,4701.0
78.4,2,2,Bình Dương,Thành phố Thuận An,CanHo,2863.0
222.0,3,3,TP. Hồ Chí Minh,Quận 3,NhaO,41712.0
181.0,5,3,TP. Hồ Chí Minh,Bình Chánh,NhaO,8807.0
78.1,2,2,TP. Hồ Chí Minh,Bình Chánh,CanHo,2027.0
62.5,2,1,Đồng Nai,Huyện Nhơn Trạch,CanHo,1648.0
100.3,2,1,Hà Nội,Quận Cầu Giấy,CanHo,6929.0
84.2,2,1,TP. Hồ Chí Minh,Quận 7,CanHo,5756.0
42.9,3,2,TP. Hồ Chí Minh,Quận 1,CanHo,5045.0
49.8,2,1,Bình Dương,Thị xã Tân Uyên,CanHo,1320.0
82.5,3,1,Bình Dương,Thị xã Bến Cát,NhaO,3388.0
69.4,2,2,TP. Hồ Chí Minh,Bình Thạnh,CanHo,5184.0
223.1,4,4,TP. Hồ Chí Minh,Quận 12,NhaO,14386.0
66.5,1,1,Hà Nội,Quận Đống Đa,CanHo,4978.0
164.3,2,2,Đồng Nai,Thành phố Long Khánh,NhaO,8074.0
103.0,1,1,Bình Dương,Thành phố Dĩ An,CanHo,3736.0
92.3,3,2,Đồng Nai,Huyện Long Thành,CanHo,3111.0
116.9,1,1,Đà Nẵng,Quận Thanh Khê,CanHo,4402.0
195.2,5,5,Đà Nẵng,Quận Ngũ Hành Sơn,NhaO,20642.0
62.8,3,3,Đồng Nai,Huyện Long Thành,CanHo,2144.0
96.2,3,3,Hà Nội,Quận Thanh Xuân,CanHo,6444.0
62.8,2,2,Đà Nẵng,Quận Sơn Trà,CanHo,3062.0
202.5,3,2,Hà Nội,Quận Hà Đông,NhaO,16823.0
106.4,3,2,Bình Dương,Thành phố Dĩ An,CanHo,4239.0
49.5,2,2,TP. Hồ Chí Minh,Bình Chánh,CanHo,1146.0
86.0,3,2,Bình Dương,Thành phố Thủ Dầu Một,CanHo,3943.0
55.9,1,1,Đồng Nai,Huyện Trảng Bom,CanHo,1027.0
51.2,4,4,Hà Nội,Quận Hà Đông,NhaO,5545.0
215.5,4,2,Đồng Nai,Huyện Long Thành,NhaO,16189.0
197.0,3,1,Đà Nẵng,Quận Liên Chiểu,NhaO,13394.0
111.6,4,2,Đồng Nai,Thành phố Biên Hòa,NhaO,9831.0
119.6,3,3,Bình Dương,Thành phố Thuận An,CanHo,4028.0
117.8,1,1,Hà Nội,Quận Cầu Giấy,CanHo,7753.0
189.8,3,2,Hà Nội,Quận Long Biên,NhaO,19332.0
109.6,2,2,Hà Nội,Quận Đống Đa,CanHo,8146.0
131.7,2,2,Hà Nội,Quận Thanh Xuân,NhaO,15221.0
88.3,2,2,Bình Dương,Thị xã Tân Uyên,CanHo,2201.0
209.8,4,2,Đồng Nai,Thành phố Long Khánh,NhaO,10966.0
218.4,4,2,TP. Hồ Chí Minh,Bình Thạnh,NhaO,29890.0
81.0,2,1,Đồng Nai,Huyện Long Thành,CanHo,2572.0
236.4,2,1,Đà Nẵng,Quận Sơn Trà,NhaO,27349.0
45.7,2,1,Hà Nội,Quận Long Biên,CanHo,2233.0
41.3,3,2,TP. Hồ Chí Minh,Gò Vấp,CanHo,1640.0
56.2,5,4,Bình Dương,Thành phố Dĩ An,NhaO,4717.0
102.4,2,1,TP. Hồ Chí Minh,Bình Chánh,NhaO,4363.0
69.1,3,3,Bình Dương,Thành phố Thuận An,CanHo,2428.0
171.5,5,4,TP. Hồ Chí Minh,Bình Chánh,NhaO,8089.0
64.2,5,3,Hà Nội,Quận Thanh Xuân,NhaO,10296.0
48.7,3,3,Đà Nẵng,Quận Sơn Trà,CanHo,2490.0
186.2,3,3,Đà Nẵng,Quận Thanh Khê,NhaO,15851.0
116.7,4,3,Đồng Nai,Huyện Trảng Bom,NhaO,5753.0
54.3,4,3,Bình Dương,Thị xã Tân Uyên,NhaO,2721.0
74.3,2,2,Hà Nội,Quận Thanh Xuân,CanHo,4719.0
60.7,4,4,Đồng Nai,Thành phố Long Khánh,NhaO,3413.0
88.0,5,4,Đồng Nai,Huyện Long Thành,NhaO,6729.0
116.5,5,3,Bình Dương,Thành phố Dĩ An,NhaO,9249.0
106.8,3,1,Hà Nội,Quận Hà Đông,NhaO,9499.0
80.0,3,1,TP. Hồ Chí Minh,Gò Vấp,NhaO,6343.0
224.6,5,5,Đà Nẵng,Quận Liên Chiểu,NhaO,18308.0
103.6,2,1,Đồng Nai,Thành phố Biên Hòa,NhaO,8034.0
93.9,1,1,Đồng Nai,Thành phố Long Khánh,CanHo,2709.0
121.2,5,3,TP. Hồ Chí Minh,Quận 3,NhaO,25593.0
220.3,4,2,Bình Dương,Thị xã Tân Uyên,NhaO,10680.0
63.2,1,1,Hà Nội,Quận Cầu Giấy,CanHo,4799.0
238.1,3,1,Hà Nội,Quận Long Biên,NhaO,24352.0
103.7,5,3,Đà Nẵng,Quận Hải Châu,NhaO,14015.0
115.8,2,2,TP. Hồ Chí Minh,Bình Chánh,CanHo,3234.0
78.6,1,1,Đà Nẵng,Quận Thanh Khê,CanHo,2893.0
223.0,5,4,Đà Nẵng,Quận Hải Châu,NhaO,35326.0
115.4,3,3,Đà Nẵng,Quận Sơn Trà,CanHo,6084.0
210.6,2,2,TP. Hồ Chí Minh,Quận 1,NhaO,46771.0
108.9,4,3,Đồng Nai,Huyện Trảng Bom,NhaO,4828.0
75.6,3,3,TP. Hồ Chí Minh,Bình Thạnh,CanHo,6050.0
80.8,3,3,TP. Hồ Chí Minh,Quận 1,CanHo,8908.0
110.8,3,3,Đà Nẵng,Quận Liên Chiểu,CanHo,3577.0
222.9,4,2,TP. Hồ Chí Minh,Bình Thạnh,NhaO,29930.0
142.3,5,5,Bình Dương,Thành phố Thủ Dầu Một,NhaO,12685.0
44.4,1,1,Đồng Nai,Huyện Nhơn Trạch,CanHo,957.0
102.8,3,3,TP. Hồ Chí Minh,Quận 3,CanHo,10622.0
53.3,3,3,Đồng Nai,Thành phố Long Khánh,CanHo,1791.0
122.0,2,1,Bình Dương,Thị xã Bến Cát,NhaO,4621.0
64.1,1,1,Đồng Nai,Huyện Long Thành,CanHo,1991.0
105.1,5,4,Đà Nẵng,Quận Hải Châu,NhaO,14425.0
246.7,3,2,Hà Nội,Quận Thanh Xuân,NhaO,31748.0
202.8,4,4,Bình Dương,Thành phố Dĩ An,NhaO,15181.0
81.2,3,3,Đà Nẵng,Quận Sơn Trà,CanHo,4315.0
177.2,2,1,Đồng Nai,Huyện Trảng Bom,NhaO,7425.0
49.1,3,2,Đà Nẵng,Quận Liên Chiểu,CanHo,1519.0
149.6,5,3,TP. Hồ Chí Minh,Bình Thạnh,NhaO,22195.0
72.2,2,1,Hà Nội,Quận Thanh Xuân,CanHo,4301.0
137.1,4,2,Hà Nội,Quận Hoàn Kiếm,NhaO,40892.0
93.7,3,3,Bình Dương,Thị xã Tân Uyên,CanHo,2673.0
107.9,3,3,Đồng Nai,Huyện Long Thành,CanHo,3895.0
140.6,5,5,TP. Hồ Chí Minh,Quận 1,NhaO,38579.0
112.7,3,2,Hà Nội,Quận Long Biên,CanHo,5349.0
198.7,2,1,Đà Nẵng,Quận Ngũ Hành Sơn,NhaO,19058.0
59.2,3,3,Hà Nội,Quận Thanh Xuân,CanHo,3884.0
80.3,2,2,Hà Nội,Quận Hà Đông,CanHo,3319.0
125.6,2,1,Bình Dương,Thành phố Thuận An,NhaO,7574.0
248.6,4,3,Hà Nội,Quận Hà Đông,NhaO,21798.0
135.5,2,1,Bình Dương,Thị xã Bến Cát,NhaO,5648.0
76.0,1,1,Bình Dương,Thị xã Tân Uyên,CanHo,1677.0
102.6,1,1,Đồng Nai,Thành phố Long Khánh,CanHo,2860.0
145.9,3,3,Hà Nội,Quận Hà Đông,NhaO,12827.0
164.0,5,4,Đồng Nai,Huyện Nhơn Trạch,NhaO,8985.0
117.4,2,1,Đà Nẵng,Quận Liên Chiểu,CanHo,3384.0
118.7,3,2,TP. Hồ Chí Minh,Gò Vấp,NhaO,9414.0
61.9,2,1,Hà Nội,Quận Đống Đa,CanHo,4767.0
41.7,3,3,Đà Nẵng,Quận Sơn Trà,NhaO,4533.0
84.2,3,2,TP. Hồ Chí Minh,Bình Thạnh,CanHo,6250.0
130.2,3,1,TP. Hồ Chí Minh,Quận 7,NhaO,13347.0
48.4,1,1,Bình Dương,Thành phố Dĩ An,CanHo,1706.0
177.9,3,1,Hà Nội,Quận Thanh Xuân,NhaO,24476.0
72.1,3,2,Đà Nẵng,Quận Hải Châu,CanHo,4517.0
97.4,3,3,Bình Dương,Thị xã Bến Cát,NhaO,3842.0
104.0,3,2,Hà Nội,Quận Đống Đa,CanHo,8767.0
166.4,4,4,Hà Nội,Quận Hà Đông,NhaO,16847.0
50.0,2,1,Đồng Nai,Huyện Trảng Bom,CanHo,1041.0
112.8,1,1,Đà Nẵng,Quận Liên Chiểu,CanHo,2767.0
143.1,2,1,Bình Dương,Thị xã Tân Uyên,NhaO,6256.0
62.3,3,2,Đồng Nai,Huyện Long Thành,CanHo,2311.0
116.9,3,3,TP. Hồ Chí Minh,Bình Chánh,CanHo,3170.0
99.9,2,1,Hà Nội,Quận Thanh Xuân,CanHo,5694.0
69.8,1,1,Đà Nẵng,Quận Ngũ Hành Sơn,CanHo,3033.0
144.9,5,5,Đồng Nai,Thành phố Biên Hòa,NhaO,12893.0
169.4,5,4,Bình Dương,Thị xã Tân Uyên,NhaO,9194.0
77.4,3,2,Bình Dương,Thị xã Tân Uyên,CanHo,2190.0
62.6,1,1,Đồng Nai,Huyện Nhơn Trạch,CanHo,1548.0
69.0,3,3,Đà Nẵng,Quận Hải Châu,CanHo,3881.0
64.7,2,1,Đồng Nai,Huyện Trảng Bom,CanHo,1345.0
105.2,1,1,Bình Dương,Thành phố Thuận An,CanHo,3140.0
217.9,5,3,Đồng Nai,Thành phố Long Khánh,NhaO,13520.0
65.8,3,3,TP. Hồ Chí Minh,Quận 12,CanHo,2114.0
168.5,5,5,TP. Hồ Chí Minh,Bình Thạnh,NhaO,27014.0
195.8,3,3,TP. Hồ Chí Minh,Quận 1,NhaO,51882.0
101.6,1,1,TP. Hồ Chí Minh,Gò Vấp,CanHo,3757.0
67.6,2,2,Hà Nội,Quận Cầu Giấy,CanHo,5295.0
36.0,4,3,Hà Nội,Quận Hai Bà Trưng,NhaO,6180.0
63.4,2,2,Hà Nội,Quận Hoàn Kiếm,CanHo,7158.0
57.8,3,2,Bình Dương,Thị xã Tân Uyên,CanHo,1671.0
80.2,3,3,Hà Nội,Quận Hà Đông,CanHo,3149.0
68.0,3,3,Đồng Nai,Huyện Long Thành,CanHo,2421.0
101.4,1,1,Đà Nẵng,Quận Hải Châu,CanHo,5304.0
149.1,2,1,Hà Nội,Quận Hai Bà Trưng,NhaO,24800.0
75.9,1,1,TP. Hồ Chí Minh,Bình Thạnh,CanHo,4734.0
116.3,5,3,TP. Hồ Chí Minh,Quận 3,NhaO,24221.0
105.5,5,3,Hà Nội,Quận Cầu Giấy,NhaO,18318.0
182.9,3,2,TP. Hồ Chí Minh,Quận 12,NhaO,9463.0
193.7,5,4,TP. Hồ Chí Minh,Bình Thạnh,NhaO,25951.0
57.9,2,2,Đà Nẵng,Quận Hải Châu,CanHo,3137.0
97.5,2,1,Đà Nẵng,Quận Liên Chiểu,CanHo,2620.0
44.1,1,1,Bình Dương,Thị xã Tân Uyên,CanHo,1035.0
100.7,4,2,Đồng Nai,Thành phố Long Khánh,NhaO,5360.0
73.8,2,1,Bình Dương,Thị xã Tân Uyên,CanHo,1936.0
212.5,5,4,Hà Nội,Quận Long Biên,NhaO,22278.0
182.8,3,1,Đồng Nai,Huyện Long Thành,NhaO,12451.0
184.0,2,1,Bình Dương,Thị xã Bến Cát,NhaO,7568.0
123.2,4,2,TP. Hồ Chí Minh,Quận 1,NhaO,28282.0
98.7,2,2,Đồng Nai,Huyện Trảng Bom,CanHo,2037.0
91.7,1,1,Hà Nội,Quận Hà Đông,CanHo,3511.0
112.9,2,2,Hà Nội,Quận Đống Đa,CanHo,9038.0
221.2,2,1,Hà Nội,Quận Hà Đông,NhaO,18371.0
80.0,2,1,Hà Nội,Quận Hà Đông,NhaO,6175.0
91.1,3,3,Bình Dương,Thị xã Tân Uyên,CanHo,2715.0
109.5,1,1,TP. Hồ Chí Minh,Quận 7,CanHo,6262.0
63.9,2,2,Đồng Nai,Thành phố Biên Hòa,CanHo,2380.0
101.8,1,1,Đồng Nai,Thành phố Long Khánh,CanHo,2738.0
172.5,2,1,Hà Nội,Quận Hoàn Kiếm,NhaO,46276.0
60.2,2,1,Bình Dương,Thị xã Tân Uyên,CanHo,1575.0
74.4,5,3,Bình Dương,Thành phố Thủ Dầu Một,NhaO,6378.0
240.1,3,1,Đồng Nai,Thành phố Biên Hòa,NhaO,18312.0
100.6,3,2,TP. Hồ Chí Minh,Quận 7,CanHo,6889.0
171.7,2,1,Hà Nội,Quận Hà Đông,NhaO,13596.0
108.3,1,1,Bình Dương,Thành phố Thủ Dầu Một,CanHo,4479.0
233.5,3,1,TP. Hồ Chí Minh,Bình Thạnh,NhaO,29693.0
60.6,2,2,Bình Dương,Thị xã Bến Cát,CanHo,1294.0
85.2,2,2,TP. Hồ Chí Minh,Bình Thạnh,CanHo,5673.0
35.1,3,1,Đồng Nai,Thành phố Long Khánh,NhaO,1805.0
106.7,2,2,Đà Nẵng,Quận Liên Chiểu,CanHo,3276.0
160.8,4,2,Hà Nội,Quận Long Biên,NhaO,16016.0
85.0,2,1,TP. Hồ Chí Minh,Bình Thạnh,CanHo,5381.0
66.8,3,3,TP. Hồ Chí Minh,Bình Chánh,NhaO,2816.0
86.3,3,3,Hà Nội,Quận Hai Bà Trưng,CanHo,6978.0
208.0,5,3,Bình Dương,Thành phố Thủ Dầu Một,NhaO,17110.0
46.2,5,3,Hà Nội,Quận Thanh Xuân,NhaO,6941.0
85.6,2,2,Đồng Nai,Thành phố Biên Hòa,CanHo,3187.0
91.6,1,1,Đồng Nai,Huyện Nhơn Trạch,CanHo,2205.0
35.5,5,3,Bình Dương,Thành phố Dĩ An,NhaO,2979.0
181.4,2,2,Hà Nội,Quận Hà Đông,NhaO,14862.0
192.6,4,3,Đà Nẵng,Quận Ngũ Hành Sơn,NhaO,18652.0
38.1,5,3,Đồng Nai,Huyện Nhơn Trạch,NhaO,1859.0
100.2,3,3,Bình Dương,Thành phố Thủ Dầu Một,CanHo,4346.0
133.4,5,3,Bình Dương,Thành phố Thủ Dầu Một,NhaO,10713.0
100.1,2,2,Hà Nội,Quận Long Biên,CanHo,4622.0
66.7,3,3,Đồng Nai,Huyện Long Thành,CanHo,2321.0
158.6,4,2,Bình Dương,Thành phố Thủ Dầu Một,NhaO,14269.0
208.2,2,1,Bình Dương,Thành phố Dĩ An,NhaO,14972.0
76.5,5,3,Bình Dương,Thị xã Tân Uyên,NhaO,3725.0
224.1,3,1,Đồng Nai,Huyện Long Thành,NhaO,13951.0
107.0,1,1,Hà Nội,Quận Hoàn Kiếm,CanHo,11075.0
174.4,5,5,Đà Nẵng,Quận Sơn Trà,NhaO,23472.0
90.6,3,3,Đồng Nai,Thành phố Biên Hòa,CanHo,4090.0
91.8,5,5,Đồng Nai,Thành phố Biên Hòa,NhaO,8777.0
60.6,3,3,TP. Hồ Chí Minh,Bình Thạnh,CanHo,4647.0
111.6,3,3,Đà Nẵng,Quận Liên Chiểu,CanHo,3275.0
45.1,3,3,Hà Nội,Quận Thanh Xuân,CanHo,2764.0
194.1,4,3,Đà Nẵng,Quận Liên Chiểu,NhaO,14459.0
80.3,1,1,Bình Dương,Thị xã Bến Cát,CanHo,1874.0
66.3,3,2,Đồng Nai,Thành phố Biên Hòa,CanHo,2901.0
227.0,5,5,TP. Hồ Chí Minh,Bình Chánh,NhaO,11853.0
78.4,3,3,Đồng Nai,Thành phố Long Khánh,CanHo,2612.0
84.1,5,3,Bình Dương,Thành phố Dĩ An,NhaO,6634.0
71.2,2,1,Bình Dương,Thị xã Bến Cát,CanHo,1496.0
182.6,4,2,Đồng Nai,Huyện Long Thành,NhaO,12868.0
97.7,1,1,Đồng Nai,Thành phố Biên Hòa,CanHo,3359.0
132.3,4,2,Hà Nội,Quận Hà Đông,NhaO,12620.0
70.7,3,2,TP. Hồ Chí Minh,Gò Vấp,NhaO,5820.0
164.8,3,2,Hà Nội,Quận Hai Bà Trưng,NhaO,28816.0
141.1,4,4,TP. Hồ Chí Minh,Quận 3,NhaO,26878.0
75.7,2,2,Đồng Nai,Huyện Nhơn Trạch,CanHo,1912.0
146.7,5,3,Hà Nội,Quận Thanh Xuân,NhaO,23639.0
87.9,3,3,Bình Dương,Thành phố Thủ Dầu Một,CanHo,4169.0
50.0,2,1,TP. Hồ Chí Minh,Quận 12,NhaO,2727.0
43.3,1,1,Hà Nội,Quận Cầu Giấy,CanHo,3028.0
107.6,3,2,TP. Hồ Chí Minh,Gò Vấp,CanHo,4339.0
186.3,3,3,TP. Hồ Chí Minh,Gò Vấp,NhaO,15012.0
61.7,5,3,Bình Dương,Thành phố Thuận An,NhaO,4906.0
103.9,2,1,TP. Hồ Chí Minh,Gò Vấp,CanHo,4346.0
80.3,5,3,TP. Hồ Chí Minh,Quận 1,NhaO,19576.0
81.7,3,2,TP. Hồ Chí Minh,Quận 1,NhaO,19623.0
42.4,2,2,Bình Dương,Thị xã Tân Uyên,CanHo,1070.0
98.1,3,3,Đà Nẵng,Quận Liên Chiểu,CanHo,3035.0
160.8,4,3,Đà Nẵng,Quận Ngũ Hành Sơn,NhaO,15552.0
56.3,4,2,Đà Nẵng,Quận Sơn Trà,NhaO,6898.0
73.6,2,1,Đà Nẵng,Quận Ngũ Hành Sơn,CanHo,3412.0
48.5,3,3,Hà Nội,Quận Hà Đông,CanHo,2277.0
101.6,1,1,Hà Nội,Quận Hoàn Kiếm,CanHo,10982.0
114.9,1,1,Bình Dương,Thị xã Bến Cát,CanHo,2514.0
208.2,5,4,TP. Hồ Chí Minh,Quận 3,NhaO,42231.0
106.1,1,1,Bình Dương,Thị xã Tân Uyên,CanHo,2577.0
99.0,3,3,Hà Nội,Quận Long Biên,CanHo,4472.0
81.5,2,2,Đồng Nai,Huyện Nhơn Trạch,CanHo,1954.0
102.2,2,2,Bình Dương,Thị xã Tân Uyên,CanHo,2417.0
94.4,3,2,Bình Dương,Thị xã Bến Cát,CanHo,2460.0
131.4,3,3,Hà Nội,Quận Thanh Xuân,NhaO,17632.0
109.5,1,1,Bình Dương,Thành phố Thuận An,CanHo,3311.0
160.5,2,2,Bình Dương,Thành phố Dĩ An,NhaO,12286.0
174.8,5,5,Hà Nội,Quận Thanh Xuân,NhaO,26831.0
166.3,5,5,Đồng Nai,Huyện Trảng Bom,NhaO,8568.0
139.6,5,3,Đồng Nai,Thành phố Long Khánh,NhaO,8903.0
54.1,1,1,Đồng Nai,Huyện Nhơn Trạch,CanHo,1277.0
96.9,3,3,Bình Dương,Thị xã Tân Uyên,CanHo,2855.0
61.4,1,1,Bình Dương,Thành phố Thủ Dầu Một,CanHo,2264.0
107.3,1,1,Bình Dương,Thành phố Dĩ An,CanHo,3845.0
170.1,3,3,Đà Nẵng,Quận Liên Chiểu,NhaO,12117.0
111.9,2,2,Đà Nẵng,Quận Liên Chiểu,CanHo,3413.0
139.6,4,4,Đồng Nai,Huyện Nhơn Trạch,NhaO,6804.0
178.7,3,3,Hà Nội,Quận Đống Đa,NhaO,36130.0
118.6,2,2,Bình Dương,Thị xã Tân Uyên,CanHo,2967.0
90.0,1,1,Đồng Nai,Thành phố Biên Hòa,CanHo,3377.0
92.8,2,1,Đà Nẵng,Quận Sơn Trà,CanHo,4653.0
107.4,1,1,TP. Hồ Chí Minh,Quận 1,CanHo,10540.0
86.8,1,1,TP. Hồ Chí Minh,Gò Vấp,CanHo,3371.0
54.8,1,1,TP. Hồ Chí Minh,Quận 1,CanHo,5827.0
83.7,2,2,Đồng Nai,Thành phố Biên Hòa,CanHo,3539.0
50.4,2,2,Hà Nội,Quận Hai Bà Trưng,CanHo,4359.0
101.8,1,1,Đà Nẵng,Quận Hải Châu,CanHo,5725.0
90.6,3,3,Bình Dương,Thành phố Thuận An,CanHo,3167.0
245.2,3,3,Đà Nẵng,Quận Sơn Trà,NhaO,26511.0
92.3,3,2,Đồng Nai,Thành phố Biên Hòa,NhaO,7335.0
87.7,3,2,Bình Dương,Thị xã Tân Uyên,CanHo,2252.0
164.9,4,3,Đồng Nai,Huyện Long Thành,NhaO,10751.0
187.5,4,2,Bình Dương,Thị xã Tân Uyên,NhaO,10386.0
248.6,4,2,Đồng Nai,Huyện Trảng Bom,NhaO,10313.0
71.8,3,2,TP. Hồ Chí Minh,Quận 1,CanHo,8403.0
100.9,2,2,TP. Hồ Chí Minh,Gò Vấp,CanHo,4000.0
103.2,1,1,Đà Nẵng,Quận Hải Châu,CanHo,5508.0
183.8,5,4,Bình Dương,Thành phố Thuận An,NhaO,13924.0
140.8,3,1,Hà Nội,Quận Thanh Xuân,NhaO,17073.0
104.3,1,1,TP. Hồ Chí Minh,Quận 1,CanHo,9904.0
114.6,2,1,Đồng Nai,Huyện Trảng Bom,NhaO,4940.0
97.2,1,1,Đồng Nai,Thành phố Long Khánh,CanHo,2388.0
118.1,3,3,Bình Dương,Thị xã Bến Cát,CanHo,3218.0
74.1,3,2,Đà Nẵng,Quận Hải Châu,CanHo,4108.0
96.1,1,1,Đà Nẵng,Quận Thanh Khê,CanHo,3975.0
74.1,3,2,Đồng Nai,Huyện Trảng Bom,CanHo,1517.0
218.5,5,3,Hà Nội,Quận Đống Đa,NhaO,45142.0
194.4,3,2,Đồng Nai,Thành phố Biên Hòa,NhaO,18038.0
148.6,5,4,Hà Nội,Quận Long Biên,NhaO,15874.0
94.6,1,1,Bình Dương,Thành phố Thủ Dầu Một,CanHo,3664.0
51.8,5,5,Đồng Nai,Huyện Long Thành,NhaO,4018.0
184.2,2,1,Đà Nẵng,Quận Liên Chiểu,NhaO,12569.0
110.1,2,1,Bình Dương,Thành phố Dĩ An,CanHo,4285.0
104.5,4,2,Đồng Nai,Thành phố Long Khánh,NhaO,5573.0
64.6,1,1,Đồng Nai,Huyện Long Thành,CanHo,1835.0
112.8,3,2,Bình Dương,Thành phố Dĩ An,CanHo,4470.0
90.5,2,2,Hà Nội,Quận Hai Bà Trưng,CanHo,6749.0
80.8,4,3,Đà Nẵng,Quận Hải Châu,NhaO,12526.0
77.4,2,1,TP. Hồ Chí Minh,Bình Chánh,CanHo,2054.0
87.2,1,1,Bình Dương,Thành phố Thuận An,CanHo,2915.0
95.3,3,2,Bình Dương,Thị xã Bến Cát,NhaO,3952.0
41.9,1,1,TP. Hồ Chí Minh,Quận 1,CanHo,4262.0
103.4,4,2,TP. Hồ Chí Minh,Quận 3,NhaO,18955.0
226.6,3,3,Đà Nẵng,Quận Ngũ Hành Sơn,NhaO,23970.0
116.0,1,1,Đồng Nai,Huyện Trảng Bom,CanHo,2277.0
49.7,2,2,Bình Dương,Thành phố Thủ Dầu Một,CanHo,1912.0
166.7,3,2,Đà Nẵng,Quận Ngũ Hành Sơn,NhaO,15063.0
138.0,5,5,TP. Hồ Chí Minh,Quận 7,NhaO,19820.0
44.2,3,2,Hà Nội,Quận Thanh Xuân,CanHo,2753.0
63.6,3,2,TP. Hồ Chí Minh,Quận 1,CanHo,6506.0
65.1,3,1,Hà Nội,Quận Hà Đông,NhaO,5703.0
108.7,5,4,Bình Dương,Thành phố Dĩ An,NhaO,9801.0
218.3,2,1,Bình Dương,Thành phố Dĩ An,NhaO,14016.0
48.2,2,2,Hà Nội,Quận Hai Bà Trưng,CanHo,3559.0
49.7,1,1,Đà Nẵng,Quận Sơn Trà,CanHo,2321.0
172.1,3,1,Hà Nội,Quận Hà Đông,NhaO,16502.0
44.5,2,2,Hà Nội,Quận Long Biên,CanHo,1941.0
249.3,2,1,Hà Nội,Quận Long Biên,NhaO,23664.0
212.2,5,4,Bình Dương,Thành phố Dĩ An,NhaO,18210.0
206.1,2,1,Hà Nội,Quận Hai Bà Trưng,NhaO,31755.0
99.9,1,1,TP. Hồ Chí Minh,Bình Thạnh,CanHo,7023.0
237.7,4,2,Bình Dương,Thành phố Thuận An,NhaO,18195.0
95.5,4,4,Đồng Nai,Thành phố Long Khánh,NhaO,5980.0
107.9,2,1,Đà Nẵng,Quận Hải Châu,CanHo,6239.0
86.1,1,1,Đà Nẵng,Quận Liên Chiểu,CanHo,2503.0
61.4,1,1,Hà Nội,Quận Hà Đông,CanHo,2155.0
106.4,3,3,Đà Nẵng,Quận Liên Chiểu,CanHo,3082.0
242.7,3,3,TP. Hồ Chí Minh,Quận 7,NhaO,30520.0
42.4,1,1,Đồng Nai,Thành phố Biên Hòa,CanHo,1555.0
91.8,3,2,Bình Dương,Thành phố Thủ Dầu Một,CanHo,3701.0
45.5,1,1,Hà Nội,Quận Đống Đa,CanHo,3666.0
236.3,2,1,Đà Nẵng,Quận Thanh Khê,NhaO,19524.0
94.7,3,3,Bình Dương,Thành phố Thuận An,CanHo,3504.0
89.0,2,2,TP. Hồ Chí Minh,Bình Chánh,CanHo,2291.0
118.4,2,1,Đà Nẵng,Quận Thanh Khê,CanHo,4948.0
132.0,2,2,Hà Nội,Quận Long Biên,NhaO,12689.0
104.0,1,1,Hà Nội,Quận Cầu Giấy,CanHo,7458.0
87.5,3,2,Đà Nẵng,Quận Hải Châu,CanHo,5496.0
249.7,4,4,Bình Dương,Thị xã Tân Uyên,NhaO,12372.0
122.7,2,1,Hà Nội,Quận Hoàn Kiếm,NhaO,32876.0
106.5,2,1,Đồng Nai,Huyện Long Thành,CanHo,3151.0
69.4,2,1,TP. Hồ Chí Minh,Quận 1,CanHo,6629.0
151.0,3,2,Đà Nẵng,Quận Liên Chiểu,NhaO,9426.0
128.0,4,4,Đà Nẵng,Quận Thanh Khê,NhaO,11652.0
60.9,5,4,Bình Dương,Thị xã Bến Cát,NhaO,3193.0
96.0,3,2,TP. Hồ Chí Minh,Quận 3,CanHo,9409.0
108.0,4,3,Bình Dương,Thành phố Thủ Dầu Một,NhaO,8322.0
120.0,4,2,Bình Dương,Thị xã Tân Uyên,NhaO,6288.0
103.3,3,3,TP. Hồ Chí Minh,Quận 1,CanHo,11571.0
77.9,2,1,TP. Hồ Chí Minh,Gò Vấp,CanHo,2782.0
98.2,1,1,Đà Nẵng,Quận Sơn Trà,CanHo,4538.0
70.8,1,1,Đà Nẵng,Quận Hải Châu,CanHo,3472.0
92.5,3,2,Bình Dương,Thành phố Thủ Dầu Một,CanHo,3906.0
125.3,3,2,Đà Nẵng,Quận Ngũ Hành Sơn,NhaO,11586.0
226.5,2,1,Đồng Nai,Thành phố Long Khánh,NhaO,11676.0
183.1,2,2,Hà Nội,Quận Cầu Giấy,NhaO,31777.0
75.6,2,1,Bình Dương,Thị xã Tân Uyên,CanHo,1943.0
184.2,3,3,Bình Dương,Thành phố Thủ Dầu Một,NhaO,14767.0
49.4,2,2,TP. Hồ Chí Minh,Quận 7,CanHo,2865.0
242.4,5,3,Đồng Nai,Huyện Long Thành,NhaO,17622.0
57.1,3,2,Bình Dương,Thành phố Thuận An,CanHo,1954.0
103.4,1,1,Đà Nẵng,Quận Sơn Trà,CanHo,5026.0
246.8,4,4,Đà Nẵng,Quận Thanh Khê,NhaO,23327.0
218.5,3,2,Đồng Nai,Huyện Long Thành,NhaO,15747.0
134.5,2,2,Bình Dương,Thị xã Tân Uyên,NhaO,6421.0
101.9,3,2,TP. Hồ Chí Minh,Bình Thạnh,NhaO,12329.0
178.7,4,4,Đà Nẵng,Quận Sơn Trà,NhaO,24494.0
108.1,1,1,Bình Dương,Thị xã Bến Cát,CanHo,2386.0
106.3,2,2,Đà Nẵng,Quận Hải Châu,NhaO,14604.0
116.9,2,2,Hà Nội,Quận Hoàn Kiếm,CanHo,13887.0
148.3,5,5,TP. Hồ Chí Minh,Quận 3,NhaO,32302.0
157.5,5,5,Đồng Nai,Huyện Trảng Bom,NhaO,7064.0
48.3,1,1,Đồng Nai,Huyện Trảng Bom,CanHo,971.0
145.2,4,4,Đà Nẵng,Quận Sơn Trà,NhaO,19917.0
54.8,2,1,Bình Dương,Thị xã Bến Cát,CanHo,1129.0
91.5,3,3,TP. Hồ Chí Minh,Bình Chánh,CanHo,2729.0
99.7,2,1,Bình Dương,Thị xã Tân Uyên,CanHo,2277.0
181.7,2,1,TP. Hồ Chí Minh,Quận 7,NhaO,20198.0
38.4,2,1,Đồng Nai,Huyện Nhơn Trạch,NhaO,1704.0
107.1,1,1,Đà Nẵng,Quận Sơn Trà,CanHo,5569.0
50.4,3,3,TP. Hồ Chí Minh,Bình Thạnh,CanHo,3948.0
93.7,1,1,Đồng Nai,Huyện Nhơn Trạch,CanHo,2024.0
51.4,3,2,Hà Nội,Quận Long Biên,CanHo,2591.0
94.1,2,1,Bình Dương,Thành phố Thuận An,CanHo,3137.0
66.6,2,1,Đồng Nai,Huyện Long Thành,CanHo,2286.0
116.9,3,2,Đà Nẵng,Quận Thanh Khê,CanHo,5320.0
56.6,1,1,Hà Nội,Quận Cầu Giấy,CanHo,3667.0
83.2,3,2,TP. Hồ Chí Minh,Bình Thạnh,CanHo,6166.0
117.5,2,1,Bình Dương,Thành phố Thuận An,NhaO,8034.0
139.6,3,3,TP. Hồ Chí Minh,Quận 1,NhaO,37056.0
225.2,2,2,Bình Dương,Thành phố Dĩ An,NhaO,15728.0
48.0,3,3,TP. Hồ Chí Minh,Gò Vấp,CanHo,1923.0
88.3,4,3,TP. Hồ Chí Minh,Quận 1,NhaO,21279.0
119.4,1,1,TP. Hồ Chí Minh,Quận 1,CanHo,11024.0
77.3,3,2,Bình Dương,Thành phố Dĩ An,CanHo,3088.0
230.4,5,4,Đồng Nai,Thành phố Biên Hòa,NhaO,22559.0
43.7,1,1,TP. Hồ Chí Minh,Quận 1,CanHo,4404.0
99.8,1,1,TP. Hồ Chí Minh,Quận 12,CanHo,2862.0
47.7,3,2,Hà Nội,Quận Cầu Giấy,CanHo,3843.0
106.7,3,1,Hà Nội,Quận Long Biên,NhaO,11054.0
123.4,2,1,Đà Nẵng,Quận Thanh Khê,NhaO,9440.0
75.0,3,3,Đà Nẵng,Quận Hải Châu,CanHo,4440.0
96.2,1,1,Đồng Nai,Huyện Trảng Bom,CanHo,1731.0
187.1,5,3,Đồng Nai,Huyện Long Thành,NhaO,13322.0
112.8,2,2,TP. Hồ Chí Minh,Quận 12,CanHo,3698.0
108.4,4,3,Đà Nẵng,Quận Liên Chiểu,NhaO,6951.0
111.2,1,1,Bình Dương,Thành phố Thủ Dầu Một,CanHo,4134.0
65.1,2,2,Bình Dương,Thị xã Bến Cát,NhaO,2778.0
103.4,2,1,Đà Nẵng,Quận Liên Chiểu,NhaO,6051.0
50.6,3,3,TP. Hồ Chí Minh,Bình Thạnh,CanHo,3756.0
74.3,2,2,Đồng Nai,Huyện Long Thành,CanHo,2596.0
192.5,4,3,Đồng Nai,Huyện Trảng Bom,NhaO,9095.0
69.6,3,3,Đà Nẵng,Quận Liên Chiểu,CanHo,2368.0
88.0,2,1,Bình Dương,Thành phố Thủ Dầu Một,CanHo,3583.0
65.5,1,1,Đà Nẵng,Quận Thanh Khê,CanHo,2481.0
72.4,3,2,Bình Dương,Thành phố Dĩ An,CanHo,2966.0
91.4,1,1,Hà Nội,Quận Thanh Xuân,CanHo,4508.0
78.7,4,3,Đà Nẵng,Quận Ngũ Hành Sơn,NhaO,7446.0
58.7,3,2,Đà Nẵng,Quận Ngũ Hành Sơn,CanHo,2598.0
221.9,4,3,Đồng Nai,Huyện Long Thành,NhaO,14735.0
229.0,5,3,Đà Nẵng,Quận Ngũ Hành Sơn,NhaO,23406.0
86.6,1,1,TP. Hồ Chí Minh,Quận 7,CanHo,5054.0
136.7,3,2,Hà Nội,Quận Hai Bà Trưng,NhaO,23982.0
93.4,1,1,Đà Nẵng,Quận Liên Chiểu,CanHo,2477.0
54.4,2,1,Bình Dương,Thị xã Tân Uyên,CanHo,1440.0
64.9,1,1,Hà Nội,Quận Hà Đông,CanHo,2382.0
42.4,4,3,TP. Hồ Chí Minh,Bình Chánh,NhaO,2013.0
50.0,3,3,Đà Nẵng,Quận Hải Châu,NhaO,6887.0
47.5,2,1,Hà Nội,Quận Hà Đông,CanHo,2007.0
160.0,4,2,TP. Hồ Chí Minh,Bình Thạnh,NhaO,20409.0
115.4,3,2,Đồng Nai,Huyện Trảng Bom,CanHo,2398.0
98.8,1,1,Đồng Nai,Huyện Nhơn Trạch,CanHo,2408.0
180.2,4,3,Đà Nẵng,Quận Thanh Khê,NhaO,18629.0
88.1,3,2,Đồng Nai,Huyện Trảng Bom,NhaO,3979.0
61.3,3,1,Đà Nẵng,Quận Liên Chiểu,NhaO,4027.0
93.4,3,3,Hà Nội,Quận Hai Bà Trưng,CanHo,7599.0
39.2,3,1,Đồng Nai,Huyện Nhơn Trạch,NhaO,1964.0
79.4,3,3,Đà Nẵng,Quận Thanh Khê,CanHo,3447.0
67.8,3,3,Đà Nẵng,Quận Thanh Khê,CanHo,3154.0
99.3,2,1,TP. Hồ Chí Minh,Bình Chánh,NhaO,3707.0
106.1,3,3,Đồng Nai,Thành phố Long Khánh,CanHo,3243.0
69.0,1,1,TP. Hồ Chí Minh,Quận 1,CanHo,7190.0
78.0,2,2,TP. Hồ Chí Minh,Quận 12,CanHo,2395.0
76.5,1,1,Đà Nẵng,Quận Ngũ Hành Sơn,CanHo,3499.0
84.8,3,3,TP. Hồ Chí Minh,Quận 12,CanHo,2924.0
83.1,2,2,Đà Nẵng,Quận Thanh Khê,CanHo,3104.0
98.3,2,2,TP. Hồ Chí Minh,Bình Thạnh,CanHo,7032.0
203.8,4,2,Hà Nội,Quận Hai Bà Trưng,NhaO,37641.0
117.5,2,1,Đồng Nai,Thành phố Biên Hòa,CanHo,5040.0
183.9,4,4,Đồng Nai,Huyện Long Thành,NhaO,12149.0
73.1,1,1,Bình Dương,Thị xã Tân Uyên,CanHo,1678.0
48.7,3,3,TP. Hồ Chí Minh,Bình Thạnh,CanHo,3949.0
90.7,3,3,Hà Nội,Quận Long Biên,CanHo,4805.0
63.4,3,3,Đồng Nai,Huyện Trảng Bom,CanHo,1387.0
109.0,3,3,Đà Nẵng,Quận Ngũ Hành Sơn,CanHo,4881.0
45.9,3,3,Đồng Nai,Huyện Trảng Bom,CanHo,1091.0
219.2,5,3,TP. Hồ Chí Minh,Quận 3,NhaO,46809.0
144.0,3,3,TP. Hồ Chí Minh,Quận 1,NhaO,34196.0
76.7,3,2,Hà Nội,Quận Hà Đông,CanHo,2957.0
54.2,3,3,Đồng Nai,Huyện Nhơn Trạch,CanHo,1512.0
88.1,3,1,Đà Nẵng,Quận Thanh Khê,NhaO,7295.0
56.7,3,3,Bình Dương,Thành phố Dĩ An,NhaO,4143.0
115.6,3,2,Đà Nẵng,Quận Thanh Khê,NhaO,9889.0
37.4,4,4,TP. Hồ Chí Minh,Quận 3,NhaO,7284.0
73.2,5,4,Bình Dương,Thành phố Thủ Dầu Một,NhaO,6700.0
129.8,3,1,Hà Nội,Quận Hoàn Kiếm,NhaO,33213.0
62.6,2,2,Hà Nội,Quận Thanh Xuân,CanHo,3556.0
110.7,4,2,Hà Nội,Quận Hoàn Kiếm,NhaO,30242.0
83.7,3,2,Đồng Nai,Thành phố Biên Hòa,CanHo,3248.0
57.2,1,1,Đồng Nai,Huyện Nhơn Trạch,CanHo,1341.0
87.0,5,5,TP. Hồ Chí Minh,Quận 7,NhaO,11086.0
177.8,2,2,Đồng Nai,Huyện Long Thành,NhaO,11325.0
102.2,1,1,Đồng Nai,Thành phố Long Khánh,CanHo,2805.0
52.7,5,3,TP. Hồ Chí Minh,Quận 7,NhaO,6272.0
65.2,3,3,Bình Dương,Thị xã Tân Uyên,CanHo,1852.0
248.3,2,1,Hà Nội,Quận Hà Đông,NhaO,22169.0
177.3,2,1,Hà Nội,Quận Long Biên,NhaO,16077.0
172.5,5,4,Bình Dương,Thị xã Bến Cát,NhaO,7694.0
169.4,5,5,Bình Dương,Thành phố Dĩ An,NhaO,13731.0
189.6,2,2,Đồng Nai,Thành phố Long Khánh,NhaO,9371.0
200.4,2,1,Đà Nẵng,Quận Liên Chiểu,NhaO,11409.0
105.3,3,2,TP. Hồ Chí Minh,Gò Vấp,NhaO,8802.0
79.0,1,1,Bình Dương,Thành phố Thủ Dầu Một,CanHo,3218.0
94.7,2,1,Bình Dương,Thành phố Dĩ An,CanHo,3760.0
43.9,1,1,Hà Nội,Quận Cầu Giấy,CanHo,3115.0
108.7,3,3,Đồng Nai,Huyện Trảng Bom,CanHo,2481.0
80.8,1,1,Bình Dương,Thành phố Dĩ An,CanHo,2982.0
77.4,2,1,Đồng Nai,Huyện Long Thành,NhaO,4718.0
228.4,3,1,Đà Nẵng,Quận Hải Châu,NhaO,29980.0
187.2,5,3,Đà Nẵng,Quận Ngũ Hành Sơn,NhaO,20525.0
122.4,2,1,Hà Nội,Quận Hai Bà Trưng,NhaO,18213.0
85.0,1,1,TP. Hồ Chí Minh,Bình Chánh,CanHo,1897.0
107.8,3,2,Bình Dương,Thị xã Bến Cát,CanHo,2756.0
58.4,1,1,Bình Dương,Thành phố Dĩ An,CanHo,2198.0
221.6,3,1,Hà Nội,Quận Long Biên,NhaO,24283.0
46.0,4,4,TP. Hồ Chí Minh,Bình Thạnh,NhaO,6851.0
74.7,3,3,Đà Nẵng,Quận Liên Chiểu,CanHo,2539.0
71.4,2,2,TP. Hồ Chí Minh,Bình Thạnh,NhaO,9278.0
71.9,4,3,Bình Dương,Thị xã Tân Uyên,NhaO,3873.0
146.6,5,4,Hà Nội,Quận Thanh Xuân,NhaO,23263.0
43.9,4,2,Hà Nội,Quận Thanh Xuân,NhaO,6265.0
119.5,3,2,Bình Dương,Thành phố Dĩ An,CanHo,4813.0
88.4,2,2,Đồng Nai,Thành phố Long Khánh,CanHo,2703.0
44.0,2,2,TP. Hồ Chí Minh,Quận 1,CanHo,4549.0
193.6,4,4,TP. Hồ Chí Minh,Gò Vấp,NhaO,16406.0
178.8,5,4,Bình Dương,Thành phố Dĩ An,NhaO,13762.0
108.7,1,1,Bình Dương,Thành phố Thuận An,CanHo,3467.0
85.1,2,2,Hà Nội,Quận Hai Bà Trưng,CanHo,7079.0
37.0,4,3,TP. Hồ Chí Minh,Bình Thạnh,NhaO,5276.0
115.4,3,2,TP. Hồ Chí Minh,Quận 12,CanHo,3910.0
110.4,4,2,TP. Hồ Chí Minh,Gò Vấp,NhaO,9844.0
201.7,2,1,Đà Nẵng,Quận Sơn Trà,NhaO,21193.0
103.7,1,1,Đà Nẵng,Quận Hải Châu,CanHo,5499.0
148.7,2,1,Hà Nội,Quận Hà Đông,NhaO,11474.0
72.4,3,3,Đồng Nai,Huyện Long Thành,CanHo,2659.0
229.9,3,1,Đà Nẵng,Quận Thanh Khê,NhaO,19089.0
109.8,1,1,Hà Nội,Quận Cầu Giấy,CanHo,7301.0
99.0,4,4,Đồng Nai,Thành phố Biên Hòa,NhaO,9426.0
111.3,1,1,Hà Nội,Quận Long Biên,CanHo,5088.0
75.9,1,1,Bình Dương,Thị xã Bến Cát,CanHo,1761.0
99.7,3,2,TP. Hồ Chí Minh,Quận 3,CanHo,10590.0
97.2,1,1,Đà Nẵng,Quận Ngũ Hành Sơn,CanHo,4249.0
92.8,3,1,Đồng Nai,Thành phố Long Khánh,NhaO,5400.0
118.2,2,1,Đà Nẵng,Quận Thanh Khê,CanHo,4520.0
51.0,3,3,Đồng Nai,Thành phố Long Khánh,NhaO,2921.0
72.6,2,2,Đà Nẵng,Quận Ngũ Hành Sơn,CanHo,3525.0
82.3,2,1,TP. Hồ Chí Minh,Quận 7,CanHo,5470.0
48.8,1,1,Đồng Nai,Huyện Trảng Bom,CanHo,1029.0
40.6,3,2,Đồng Nai,Thành phố Biên Hòa,CanHo,1869.0
46.2,2,1,Bình Dương,Thị xã Tân Uyên,CanHo,1051.0
109.5,1,1,Đồng Nai,Huyện Long Thành,CanHo,3452.0
196.4,5,5,TP. Hồ Chí Minh,Quận 12,NhaO,11158.0
156.3,3,1,Đồng Nai,Thành phố Biên Hòa,NhaO,12035.0
122.0,3,1,TP. Hồ Chí Minh,Quận 1,NhaO,27369.0
60.2,2,1,Đồng Nai,Huyện Nhơn Trạch,CanHo,1364.0
105.8,3,2,Bình Dương,Thành phố Thủ Dầu Một,NhaO,8029.0
202.0,5,4,Hà Nội,Quận Thanh Xuân,NhaO,31539.0
210.0,3,1,Đồng Nai,Huyện Trảng Bom,NhaO,8624.0
164.8,3,1,Bình Dương,Thị xã Tân Uyên,NhaO,7729.0
89.9,4,2,Hà Nội,Quận Long Biên,NhaO,9052.0
100.0,3,3,TP. Hồ Chí Minh,Gò Vấp,CanHo,4592.0
141.0,3,1,Đà Nẵng,Quận Hải Châu,NhaO,17777.0
53.5,1,1,Bình Dương,Thành phố Dĩ An,CanHo,2011.0
76.7,4,3,TP. Hồ Chí Minh,Bình Chánh,NhaO,3163.0
65.5,3,2,Đồng Nai,Huyện Trảng Bom,CanHo,1449.0
46.8,1,1,Hà Nội,Quận Hai Bà Trưng,CanHo,3279.0
71.5,5,5,Bình Dương,Thành phố Thủ Dầu Một,NhaO,6595.0
137.8,2,1,Bình Dương,Thị xã Bến Cát,NhaO,5285.0
49.4,1,1,Đà Nẵng,Quận Hải Châu,CanHo,2616.0
135.4,2,2,Hà Nội,Quận Hoàn Kiếm,NhaO,32633.0
87.7,4,4,Hà Nội,Quận Hoàn Kiếm,NhaO,27109.0
43.0,2,1,Bình Dương,Thành phố Thuận An,NhaO,2772.0
99.8,3,3,Đồng Nai,Thành phố Biên Hòa,CanHo,4305.0
130.7,2,1,TP. Hồ Chí Minh,Quận 12,NhaO,6926.0
49.2,2,1,Đồng Nai,Huyện Trảng Bom,CanHo,976.0
98.7,4,3,Đồng Nai,Thành phố Long Khánh,NhaO,5831.0
85.7,1,1,Đà Nẵng,Quận Liên Chiểu,CanHo,2500.0
109.6,3,3,Bình Dương,Thị xã Bến Cát,CanHo,2479.0
181.8,2,2,Đồng Nai,Huyện Trảng Bom,NhaO,6715.0
94.6,4,4,Bình Dương,Thị xã Tân Uyên,NhaO,4803.0
104.8,5,4,Hà Nội,Quận Đống Đa,NhaO,22660.0
201.6,5,3,Đồng Nai,Huyện Trảng Bom,NhaO,8915.0
58.5,3,2,Đồng Nai,Huyện Long Thành,CanHo,1917.0
242.9,5,4,Bình Dương,Thành phố Thuận An,NhaO,19286.0
104.0,2,2,TP. Hồ Chí Minh,Quận 7,CanHo,6397.0
102.7,3,3,Hà Nội,Quận Hà Đông,CanHo,4243.0
99.5,2,1,Đồng Nai,Thành phố Long Khánh,CanHo,2671.0
219.1,5,4,Hà Nội,Quận Đống Đa,NhaO,41616.0
209.5,2,1,TP. Hồ Chí Minh,Gò Vấp,NhaO,13881.0
118.6,3,1,Hà Nội,Quận Hoàn Kiếm,NhaO,29193.0
178.9,3,2,Hà Nội,Quận Đống Đa,NhaO,32410.0
136.1,2,1,TP. Hồ Chí Minh,Gò Vấp,NhaO,9251.0
107.3,1,1,Hà Nội,Quận Hai Bà Trưng,CanHo,8634.0
75.0,3,3,Đà Nẵng,Quận Ngũ Hành Sơn,CanHo,3355.0
85.3,1,1,Bình Dương,Thành phố Thuận An,CanHo,3037.0
43.7,5,5,Đồng Nai,Thành phố Long Khánh,NhaO,2583.0
72.7,1,1,TP. Hồ Chí Minh,Bình Chánh,CanHo,1756.0
118.2,3,2,TP. Hồ Chí Minh,Quận 7,NhaO,14699.0
39.4,2,2,Hà Nội,Quận Long Biên,NhaO,3837.0
114.1,1,1,Đà Nẵng,Quận Sơn Trà,CanHo,5567.0
96.5,1,1,Bình Dương,Thị xã Tân Uyên,CanHo,2475.0
138.3,5,4,Bình Dương,Thị xã Tân Uyên,NhaO,7911.0
115.5,3,2,TP. Hồ Chí Minh,Gò Vấp,CanHo,5062.0
197.6,4,4,Đà Nẵng,Quận Thanh Khê,NhaO,18438.0
117.4,3,2,Đồng Nai,Huyện Trảng Bom,CanHo,2810.0
91.6,3,2,TP. Hồ Chí Minh,Quận 7,CanHo,5711.0
224.4,5,4,Hà Nội,Quận Hà Đông,NhaO,21297.0
52.9,2,1,Đồng Nai,Huyện Trảng Bom,CanHo,1119.0
170.3,3,3,Đà Nẵng,Quận Ngũ Hành Sơn,NhaO,17151.0
112.6,2,2,Đà Nẵng,Quận Ngũ Hành Sơn,CanHo,5620.0
124.9,5,5,TP. Hồ Chí Minh,Quận 3,NhaO,29951.0
150.5,5,5,Đà Nẵng,Quận Liên Chiểu,NhaO,10968.0
113.3,2,2,Hà Nội,Quận Hoàn Kiếm,CanHo,12838.0
196.6,3,2,Đồng Nai,Huyện Trảng Bom,NhaO,8028.0
79.5,3,2,Bình Dương,Thị xã Tân Uyên,CanHo,2326.0
156.3,2,1,Đà Nẵng,Quận Hải Châu,NhaO,20275.0
57.4,2,1,Hà Nội,Quận Thanh Xuân,NhaO,7578.0
56.4,3,3,TP. Hồ Chí Minh,Gò Vấp,CanHo,2482.0
46.4,3,3,Hà Nội,Quận Hà Đông,CanHo,1952.0
247.9,3,1,Đồng Nai,Huyện Trảng Bom,NhaO,11173.0
114.6,2,1,Đồng Nai,Thành phố Biên Hòa,NhaO,9843.0
76.3,2,1,Hà Nội,Quận Hoàn Kiếm,CanHo,7544.0
43.4,1,1,TP. Hồ Chí Minh,Gò Vấp,CanHo,1693.0
46.1,3,2,Bình Dương,Thành phố Thuận An,NhaO,3013.0
49.9,5,5,Hà Nội,Quận Hai Bà Trưng,NhaO,10062.0
94.0,1,1,Đà Nẵng,Quận Hải Châu,CanHo,5332.0
57.8,3,2,Đồng Nai,Thành phố Biên Hòa,CanHo,2661.0
41.5,3,2,Đồng Nai,Thành phố Long Khánh,CanHo,1220.0
75.2,3,2,Đồng Nai,Huyện Nhơn Trạch,NhaO,3671.0
97.8,1,1,Đồng Nai,Thành phố Long Khánh,CanHo,2838.0
62.7,3,2,Bình Dương,Thị xã Tân Uyên,NhaO,2898.0
184.0,3,3,Đà Nẵng,Quận Hải Châu,NhaO,23063.0
78.1,3,2,Đồng Nai,Thành phố Biên Hòa,CanHo,3278.0
68.9,1,1,Bình Dương,Thị xã Bến Cát,CanHo,1628.0
103.0,1,1,Đà Nẵng,Quận Sơn Trà,CanHo,5077.0
91.4,2,2,TP. Hồ Chí Minh,Bình Thạnh,CanHo,6855.0
87.2,1,1,Bình Dương,Thị xã Tân Uyên,CanHo,2011.0
116.3,4,2,Hà Nội,Quận Cầu Giấy,NhaO,18730.0
249.3,2,2,Đồng Nai,Thành phố Long Khánh,NhaO,12089.0
120.0,3,2,Bình Dương,Thành phố Thủ Dầu Một,CanHo,5507.0
183.9,5,4,Đồng Nai,Huyện Nhơn Trạch,NhaO,10004.0
90.3,4,2,Đà Nẵng,Quận Hải Châu,NhaO,13316.0
155.7,3,2,Đà Nẵng,Quận Hải Châu,NhaO,21995.0
53.2,2,1,Hà Nội,Quận Hoàn Kiếm,CanHo,5912.0
105.3,3,3,Đà Nẵng,Quận Thanh Khê,CanHo,4363.0
57.3,3,2,Hà Nội,Quận Hà Đông,CanHo,2267.0
163.1,3,2,TP. Hồ Chí Minh,Quận 12,NhaO,8507.0
203.2,4,2,Hà Nội,Quận Hà Đông,NhaO,17494.0
194.8,5,5,Đồng Nai,Thành phố Biên Hòa,NhaO,20902.0
97.9,5,3,TP. Hồ Chí Minh,Bình Thạnh,NhaO,12918.0
249.3,3,1,Đồng Nai,Huyện Trảng Bom,NhaO,11202.0
117.3,3,1,Đồng Nai,Huyện Nhơn Trạch,NhaO,6061.0
218.6,3,2,Hà Nội,Quận Hoàn Kiếm,NhaO,54124.0
71.1,2,1,Hà Nội,Quận Hoàn Kiếm,NhaO,18557.0
79.8,3,3,Đồng Nai,Huyện Nhơn Trạch,CanHo,2019.0
233.5,3,1,TP. Hồ Chí Minh,Bình Thạnh,NhaO,28389.0
55.6,3,3,Đà Nẵng,Quận Hải Châu,CanHo,3501.0
56.8,2,1,Đà Nẵng,Quận Sơn Trà,NhaO,6344.0
90.5,1,1,TP. Hồ Chí Minh,Gò Vấp,CanHo,3158.0
97.3,5,5,TP. Hồ Chí Minh,Quận 7,NhaO,13821.0
227.4,3,3,Bình Dương,Thành phố Thủ Dầu Một,NhaO,20040.0
43.4,2,1,Bình Dương,Thành phố Thủ Dầu Một,NhaO,3233.0
177.6,4,4,Đà Nẵng,Quận Liên Chiểu,NhaO,11837.0
82.3,5,3,Đà Nẵng,Quận Hải Châu,NhaO,13100.0
118.8,2,1,Đồng Nai,Thành phố Long Khánh,NhaO,6224.0
181.6,3,2,Bình Dương,Thành phố Thuận An,NhaO,13611.0
114.4,2,1,Đà Nẵng,Quận Sơn Trà,CanHo,5660.0
48.5,4,4,Đồng Nai,Huyện Long Thành,NhaO,3451.0
46.3,2,1,Đà Nẵng,Quận Liên Chiểu,NhaO,2692.0
79.3,2,2,Bình Dương,Thị xã Tân Uyên,CanHo,2210.0
112.9,2,1,TP. Hồ Chí Minh,Quận 12,NhaO,6074.0
112.7,2,1,Đồng Nai,Huyện Long Thành,NhaO,6319.0
126.5,5,5,Hà Nội,Quận Long Biên,NhaO,14249.0
107.5,1,1,Bình Dương,Thành phố Dĩ An,CanHo,3793.0
104.4,2,1,Bình Dương,Thành phố Thủ Dầu Một,CanHo,4226.0
76.5,3,3,Đà Nẵng,Quận Ngũ Hành Sơn,CanHo,3763.0
98.1,1,1,Đà Nẵng,Quận Ngũ Hành Sơn,CanHo,4002.0
119.1,2,1,TP. Hồ Chí Minh,Bình Thạnh,CanHo,8880.0
89.7,2,1,Đồng Nai,Huyện Long Thành,CanHo,2832.0
103.1,5,3,Đồng Nai,Thành phố Long Khánh,NhaO,5917.0
61.0,4,2,Đồng Nai,Huyện Nhơn Trạch,NhaO,3219.0
111.5,1,1,Đồng Nai,Huyện Trảng Bom,CanHo,2229.0
98.4,2,1,Đà Nẵng,Quận Thanh Khê,CanHo,3911.0
71.6,5,3,Hà Nội,Quận Thanh Xuân,NhaO,10981.0
236.9,2,2,Hà Nội,Quận Hà Đông,NhaO,18727.0
210.7,4,2,Đồng Nai,Huyện Trảng Bom,NhaO,8612.0
57.8,2,2,TP. Hồ Chí Minh,Quận 12,NhaO,2743.0
239.6,3,2,Đà Nẵng,Quận Hải Châu,NhaO,34987.0
158.3,4,3,Đà Nẵng,Quận Thanh Khê,NhaO,15373.0
92.9,3,3,Hà Nội,Quận Cầu Giấy,CanHo,7004.0
78.2,3,2,Bình Dương,Thị xã Bến Cát,CanHo,1738.0
66.6,2,2,Hà Nội,Quận Cầu Giấy,CanHo,5168.0
118.9,4,3,Đồng Nai,Thành phố Biên Hòa,NhaO,10282.0
99.8,3,2,Bình Dương,Thành phố Thuận An,CanHo,3555.0
119.9,3,3,Bình Dương,Thị xã Tân Uyên,CanHo,3322.0
78.4,2,1,Đồng Nai,Thành phố Long Khánh,CanHo,2426.0
121.1,4,3,Bình Dương,Thành phố Dĩ An,NhaO,9700.0
108.0,2,2,Hà Nội,Quận Hai Bà Trưng,CanHo,8663.0
101.7,3,1,Hà Nội,Quận Hoàn Kiếm,NhaO,26789.0
53.4,1,1,Đà Nẵng,Quận Sơn Trà,CanHo,2540.0
117.6,2,1,Đà Nẵng,Quận Hải Châu,CanHo,6207.0
90.5,3,3,Bình Dương,Thành phố Thuận An,CanHo,3057.0
67.0,2,1,Đồng Nai,Thành phố Long Khánh,CanHo,1807.0
118.5,1,1,TP. Hồ Chí Minh,Bình Thạnh,CanHo,6933.0
96.4,1,1,Đà Nẵng,Quận Thanh Khê,CanHo,3290.0
74.8,3,2,Bình Dương,Thành phố Thuận An,CanHo,2856.0
113.6,3,2,TP. Hồ Chí Minh,Quận 12,CanHo,3602.0
194.7,5,5,Hà Nội,Quận Đống Đa,NhaO,36878.0
103.3,2,1,Hà Nội,Quận Cầu Giấy,CanHo,7176.0
105.4,1,1,TP. Hồ Chí Minh,Quận 3,CanHo,9885.0
187.8,5,4,TP. Hồ Chí Minh,Bình Chánh,NhaO,8941.0
240.7,4,4,Hà Nội,Quận Long Biên,NhaO,27691.0
94.6,3,3,Hà Nội,Quận Đống Đa,CanHo,8834.0
119.5,3,3,Hà Nội,Quận Đống Đa,NhaO,20309.0
78.3,2,1,TP. Hồ Chí Minh,Bình Chánh,NhaO,3042.0
53.3,2,2,Đồng Nai,Thành phố Long Khánh,NhaO,2924.0
90.1,2,1,Bình Dương,Thị xã Bến Cát,CanHo,2160.0
195.2,5,3,Đồng Nai,Thành phố Long Khánh,NhaO,12236.0
79.4,2,1,Đồng Nai,Huyện Nhơn Trạch,NhaO,3907.0
151.6,5,4,TP. Hồ Chí Minh,Bình Thạnh,NhaO,22686.0
83.8,2,2,Đà Nẵng,Quận Thanh Khê,CanHo,3434.0
97.6,1,1,Bình Dương,Thành phố Thuận An,CanHo,3371.0
93.0,3,3,Hà Nội,Quận Hoàn Kiếm,CanHo,11987.0
236.8,4,4,Đà Nẵng,Quận Hải Châu,NhaO,34716.0
79.6,2,1,TP. Hồ Chí Minh,Quận 3,NhaO,15137.0
114.4,5,4,Đà Nẵng,Quận Sơn Trà,NhaO,15459.0
223.9,3,2,Bình Dương,Thành phố Thuận An,NhaO,14503.0
99.7,3,3,Đà Nẵng,Quận Ngũ Hành Sơn,CanHo,4805.0
124.8,5,3,TP. Hồ Chí Minh,Bình Chánh,NhaO,6152.0
87.7,3,3,Bình Dương,Thành phố Thủ Dầu Một,CanHo,3837.0
139.2,2,2,Đồng Nai,Huyện Trảng Bom,NhaO,6029.0
97.0,5,3,Hà Nội,Quận Thanh Xuân,NhaO,14972.0
231.8,5,5,Đồng Nai,Huyện Nhơn Trạch,NhaO,14113.0
52.6,3,2,Đà Nẵng,Quận Hải Châu,CanHo,3344.0
158.5,5,5,TP. Hồ Chí Minh,Quận 12,NhaO,9145.0
117.7,2,1,Đà Nẵng,Quận Ngũ Hành Sơn,CanHo,5698.0
41.6,3,1,Đà Nẵng,Quận Hải Châu,NhaO,5241.0
167.9,2,2,Hà Nội,Quận Đống Đa,NhaO,32062.0
74.8,3,2,Đà Nẵng,Quận Ngũ Hành Sơn,CanHo,3600.0
72.0,2,1,Bình Dương,Thành phố Dĩ An,CanHo,2387.0
118.7,3,3,Đà Nẵng,Quận Sơn Trà,NhaO,13475.0
99.7,1,1,Bình Dương,Thị xã Bến Cát,CanHo,2170.0
58.4,2,1,Bình Dương,Thành phố Dĩ An,CanHo,1980.0
122.1,3,1,Đồng Nai,Thành phố Biên Hòa,NhaO,9087.0
205.1,5,3,Đà Nẵng,Quận Liên Chiểu,NhaO,15453.0
57.0,2,2,TP. Hồ Chí Minh,Bình Thạnh,CanHo,3894.0
54.2,2,2,Hà Nội,Quận Hà Đông,NhaO,4583.0
119.7,1,1,TP. Hồ Chí Minh,Bình Chánh,CanHo,3118.0
191.0,2,1,Đồng Nai,Thành phố Biên Hòa,NhaO,14177.0
78.0,5,3,Bình Dương,Thành phố Thủ Dầu Một,NhaO,6535.0
113.3,1,1,Bình Dương,Thị xã Bến Cát,CanHo,2222.0
68.7,3,2,Bình Dương,Thị xã Tân Uyên,CanHo,1901.0
50.6,2,2,Đồng Nai,Thành phố Biên Hòa,CanHo,2043.0
111.5,1,1,Bình Dương,Thành phố Dĩ An,CanHo,3790.0
75.8,1,1,Đà Nẵng,Quận Thanh Khê,CanHo,3118.0
247.3,4,2,Hà Nội,Quận Hai Bà Trưng,NhaO,46517.0
243.1,5,5,Bình Dương,Thành phố Thuận An,NhaO,21679.0
46.4,3,2,Đồng Nai,Huyện Trảng Bom,CanHo,917.0
51.0,3,3,Hà Nội,Quận Thanh Xuân,CanHo,3099.0
87.5,5,3,Đà Nẵng,Quận Thanh Khê,NhaO,8761.0
105.4,2,1,Đà Nẵng,Quận Sơn Trà,CanHo,5088.0
84.8,5,4,TP. Hồ Chí Minh,Gò Vấp,NhaO,7401.0
144.9,4,3,Đồng Nai,Huyện Nhơn Trạch,NhaO,7361.0
244.6,4,3,Hà Nội,Quận Cầu Giấy,NhaO,40617.0
81.9,3,3,Đà Nẵng,Quận Ngũ Hành Sơn,CanHo,3828.0
57.4,3,2,Đồng Nai,Huyện Long Thành,NhaO,3633.0
64.1,3,2,Đồng Nai,Huyện Long Thành,CanHo,2017.0
202.9,2,1,Bình Dương,Thành phố Dĩ An,NhaO,15108.0
105.4,5,5,Đà Nẵng,Quận Hải Châu,NhaO,17112.0
94.2,3,3,Bình Dương,Thị xã Tân Uyên,CanHo,2512.0
183.9,3,1,Đà Nẵng,Quận Hải Châu,NhaO,24552.0
92.2,3,3,TP. Hồ Chí Minh,Gò Vấp,CanHo,3885.0
47.3,2,2,TP. Hồ Chí Minh,Quận 1,NhaO,11410.0
68.6,2,1,Đà Nẵng,Quận Liên Chiểu,NhaO,4167.0
47.7,3,3,Đồng Nai,Huyện Nhơn Trạch,NhaO,2421.0
168.9,3,3,Đồng Nai,Huyện Nhơn Trạch,NhaO,8892.0
77.8,2,1,Đà Nẵng,Quận Hải Châu,NhaO,8835.0
99.3,2,2,TP. Hồ Chí Minh,Bình Chánh,CanHo,2706.0
150.8,3,3,Đà Nẵng,Quận Ngũ Hành Sơn,NhaO,15295.0
242.9,3,2,TP. Hồ Chí Minh,Quận 12,NhaO,12388.0
219.0,4,2,Đồng Nai,Huyện Long Thành,NhaO,15226.0
71.2,2,2,Bình Dương,Thành phố Dĩ An,CanHo,2508.0
66.1,3,2,Bình Dương,Thị xã Tân Uyên,CanHo,1924.0
42.1,3,1,Bình Dương,Thành phố Thuận An,NhaO,2667.0
51.8,2,1,Bình Dương,Thành phố Dĩ An,CanHo,2037.0
138.0,4,2,Hà Nội,Quận Thanh Xuân,NhaO,17364.0
226.8,3,2,Đồng Nai,Huyện Long Thành,NhaO,14633.0
59.6,3,3,TP. Hồ Chí Minh,Quận 7,CanHo,4111.0
78.8,5,5,Đà Nẵng,Quận Sơn Trà,NhaO,11436.0
116.4,1,1,Hà Nội,Quận Hoàn Kiếm,CanHo,12401.0
42.8,1,1,Đà Nẵng,Quận Thanh Khê,CanHo,1776.0
112.0,4,4,Bình Dương,Thị xã Bến Cát,NhaO,5446.0
84.4,2,1,Bình Dương,Thị xã Bến Cát,CanHo,1991.0
119.5,1,1,Bình Dương,Thành phố Thủ Dầu Một,CanHo,4534.0
198.3,5,3,Đồng Nai,Thành phố Long Khánh,NhaO,12883.0
163.1,4,2,TP. Hồ Chí Minh,Gò Vấp,NhaO,13786.0
75.5,2,1,Đồng Nai,Huyện Long Thành,CanHo,2262.0
86.3,3,2,Hà Nội,Quận Hai Bà Trưng,CanHo,7313.0
119.0,4,3,Bình Dương,Thành phố Thuận An,NhaO,9146.0
97.9,1,1,TP. Hồ Chí Minh,Quận 7,CanHo,6010.0
81.3,3,1,Đà Nẵng,Quận Liên Chiểu,NhaO,5039.0
52.3,2,1,TP. Hồ Chí Minh,Quận 3,CanHo,4422.0
122.3,5,4,Đà Nẵng,Quận Hải Châu,NhaO,16588.0
247.3,3,2,Bình Dương,Thị xã Tân Uyên,NhaO,12718.0
155.6,5,3,Bình Dương,Thành phố Thủ Dầu Một,NhaO,14347.0
76.7,3,3,Đồng Nai,Huyện Long Thành,CanHo,2649.0
78.5,1,1,Đà Nẵng,Quận Liên Chiểu,CanHo,1976.0
169.7,3,3,Bình Dương,Thành phố Dĩ An,NhaO,12538.0
106.1,2,1,Hà Nội,Quận Thanh Xuân,CanHo,5623.0
226.1,4,2,Đà Nẵng,Quận Sơn Trà,NhaO,26804.0
66.3,2,2,Đồng Nai,Huyện Long Thành,CanHo,2073.0
159.1,4,3,Bình Dương,Thành phố Thủ Dầu Một,NhaO,12072.0
242.2,5,5,Bình Dương,Thành phố Thuận An,NhaO,20191.0
81.1,1,1,Đồng Nai,Huyện Nhơn Trạch,CanHo,1962.0
181.9,3,2,Hà Nội,Quận Cầu Giấy,NhaO,29336.0
220.5,2,1,Đà Nẵng,Quận Ngũ Hành Sơn,NhaO,21233.0
99.2,3,2,Đồng Nai,Thành phố Biên Hòa,CanHo,3850.0
108.8,2,1,Bình Dương,Thành phố Dĩ An,CanHo,4252.0
43.4,3,3,Đồng Nai,Huyện Nhơn Trạch,CanHo,1252.0
124.2,3,1,Bình Dương,Thành phố Dĩ An,NhaO,8122.0
122.9,2,1,TP. Hồ Chí Minh,Quận 12,NhaO,6338.0
101.9,2,1,TP. Hồ Chí Minh,Quận 3,CanHo,9149.0
183.2,3,3,Đồng Nai,Huyện Nhơn Trạch,NhaO,9521.0
83.3,1,1,Đà Nẵng,Quận Hải Châu,CanHo,4473.0
40.6,1,1,Hà Nội,Quận Hoàn Kiếm,CanHo,4439.0
249.2,2,2,TP. Hồ Chí Minh,Quận 1,NhaO,60280.0
162.4,3,1,Bình Dương,Thành phố Dĩ An,NhaO,10926.0
171.5,3,2,Bình Dương,Thị xã Tân Uyên,NhaO,8530.0
70.6,2,2,Hà Nội,Quận Hai Bà Trưng,CanHo,5017.0
157.9,5,3,Bình Dương,Thành phố Thủ Dầu Một,NhaO,14596.0
73.9,1,1,Đồng Nai,Huyện Trảng Bom,CanHo,1569.0
118.7,5,4,Đồng Nai,Huyện Nhơn Trạch,NhaO,6303.0
225.7,4,2,TP. Hồ Chí Minh,Quận 3,NhaO,48845.0
171.7,2,2,Đồng Nai,Huyện Long Thành,NhaO,11166.0
159.4,3,3,Đồng Nai,Huyện Trảng Bom,NhaO,7428.0
79.1,1,1,Bình Dương,Thành phố Dĩ An,CanHo,2730.0
115.4,2,1,Đồng Nai,Thành phố Biên Hòa,CanHo,4987.0
79.6,4,3,TP. Hồ Chí Minh,Quận 3,NhaO,17093.0
65.7,3,2,Đà Nẵng,Quận Sơn Trà,CanHo,3777.0
55.6,2,2,Bình Dương,Thành phố Thuận An,NhaO,3447.0
49.6,3,1,Bình Dương,Thành phố Dĩ An,NhaO,3738.0
190.2,5,4,Đà Nẵng,Quận Hải Châu,NhaO,28698.0
175.0,2,1,Bình Dương,Thị xã Bến Cát,NhaO,6740.0
197.4,5,5,Đà Nẵng,Quận Thanh Khê,NhaO,22705.0
237.1,3,3,TP. Hồ Chí Minh,Quận 3,NhaO,44774.0
58.3,2,1,Bình Dương,Thành phố Dĩ An,CanHo,1996.0
53.6,3,2,Bình Dương,Thành phố Dĩ An,CanHo,2210.0
80.3,1,1,Bình Dương,Thành phố Thuận An,CanHo,2393.0
90.8,2,2,Bình Dương,Thành phố Thuận An,CanHo,3317.0
113.7,4,4,Bình Dương,Thị xã Bến Cát,NhaO,4740.0
107.0,1,1,TP. Hồ Chí Minh,Quận 7,CanHo,6322.0
85.4,1,1,Bình Dương,Thành phố Thủ Dầu Một,CanHo,3422.0
119.6,1,1,TP. Hồ Chí Minh,Quận 7,CanHo,7410.0
88.7,1,1,Bình Dương,Thành phố Thủ Dầu Một,CanHo,3416.0
77.5,5,5,Hà Nội,Quận Thanh Xuân,NhaO,11133.0
55.6,5,5,Đà Nẵng,Quận Sơn Trà,NhaO,7657.0
111.4,5,3,TP. Hồ Chí Minh,Quận 1,NhaO,28218.0
107.1,2,1,Hà Nội,Quận Hoàn Kiếm,CanHo,10944.0
133.7,3,3,Hà Nội,Quận Hai Bà Trưng,NhaO,24112.0
162.2,4,2,Hà Nội,Quận Hà Đông,NhaO,15449.0
190.3,2,1,Hà Nội,Quận Long Biên,NhaO,18942.0
202.8,4,3,Đà Nẵng,Quận Hải Châu,NhaO,28277.0
66.8,1,1,Đà Nẵng,Quận Sơn Trà,CanHo,3553.0
40.6,2,2,Đồng Nai,Thành phố Long Khánh,CanHo,1243.0
90.6,2,2,Bình Dương,Thành phố Thủ Dầu Một,CanHo,3704.0
150.1,5,3,Bình Dương,Thành phố Dĩ An,NhaO,10963.0
77.0,1,1,Bình Dương,Thành phố Thuận An,CanHo,2590.0
95.9,3,1,TP. Hồ Chí Minh,Quận 1,NhaO,23672.0
40.1,5,4,TP. Hồ Chí Minh,Quận 1,NhaO,11622.0
59.7,2,2,Bình Dương,Thị xã Bến Cát,CanHo,1500.0
79.9,3,2,Đồng Nai,Thành phố Biên Hòa,NhaO,6418.0
247.7,2,1,TP. Hồ Chí Minh,Bình Chánh,NhaO,10103.0
58.4,2,2,Bình Dương,Thị xã Bến Cát,CanHo,1382.0
226.4,4,4,Đà Nẵng,Quận Ngũ Hành Sơn,NhaO,25497.0
44.3,2,2,Bình Dương,Thành phố Dĩ An,NhaO,3209.0
110.0,3,3,Đồng Nai,Huyện Trảng Bom,CanHo,2341.0
154.4,2,2,Đồng Nai,Thành phố Long Khánh,NhaO,8703.0
148.6,5,3,Hà Nội,Quận Hai Bà Trưng,NhaO,28555.0
203.2,5,3,Đà Nẵng,Quận Sơn Trà,NhaO,23597.0
55.6,3,3,Đà Nẵng,Quận Thanh Khê,NhaO,4826.0
140.6,4,3,TP. Hồ Chí Minh,Quận 3,NhaO,29198.0
108.8,2,2,Hà Nội,Quận Cầu Giấy,CanHo,9001.0
129.5,4,3,Đồng Nai,Huyện Long Thành,NhaO,9147.0
110.4,4,3,Bình Dương,Thị xã Tân Uyên,NhaO,5859.0
63.7,1,1,Đồng Nai,Huyện Long Thành,CanHo,2079.0
235.0,5,5,Đồng Nai,Thành phố Long Khánh,NhaO,14624.0
36.5,3,1,Hà Nội,Quận Hai Bà Trưng,NhaO,6534.0
162.5,2,2,Đà Nẵng,Quận Hải Châu,NhaO,22504.0
67.1,3,2,Đồng Nai,Thành phố Biên Hòa,CanHo,3022.0
69.8,1,1,Bình Dương,Thành phố Dĩ An,CanHo,2489.0
79.6,1,1,Đà Nẵng,Quận Liên Chiểu,CanHo,2002.0
113.6,1,1,Đồng Nai,Thành phố Biên Hòa,CanHo,4387.0
119.7,2,2,TP. Hồ Chí Minh,Bình Thạnh,CanHo,7749.0
113.1,1,1,Hà Nội,Quận Cầu Giấy,CanHo,8160.0
82.1,1,1,TP. Hồ Chí Minh,Quận 3,CanHo,7082.0
112.2,3,3,TP. Hồ Chí Minh,Quận 3,CanHo,10202.0
43.6,3,3,Bình Dương,Thị xã Tân Uyên,CanHo,1178.0
116.1,2,1,Hà Nội,Quận Hoàn Kiếm,CanHo,11487.0
93.5,2,1,Đà Nẵng,Quận Thanh Khê,CanHo,3365.0
113.8,2,1,Đồng Nai,Thành phố Biên Hòa,CanHo,4215.0
98.9,4,4,Bình Dương,Thị xã Tân Uyên,NhaO,4906.0
75.5,2,1,Đà Nẵng,Quận Ngũ Hành Sơn,NhaO,6492.0
86.4,1,1,Đà Nẵng,Quận Ngũ Hành Sơn,CanHo,3907.0
119.7,1,1,Đồng Nai,Thành phố Biên Hòa,CanHo,4753.0
81.9,3,2,Hà Nội,Quận Đống Đa,CanHo,6660.0
194.5,5,3,Bình Dương,Thị xã Bến Cát,NhaO,9941.0
92.3,1,1,Đồng Nai,Huyện Long Thành,CanHo,2990.0
41.4,3,3,Bình Dương,Thị xã Bến Cát,CanHo,1057.0
165.0,5,5,Đà Nẵng,Quận Ngũ Hành Sơn,NhaO,20124.0
90.8,2,2,Đà Nẵng,Quận Hải Châu,CanHo,5792.0
74.9,1,1,Hà Nội,Quận Hai Bà Trưng,CanHo,5850.0
46.1,1,1,Hà Nội,Quận Cầu Giấy,CanHo,3186.0
115.8,2,2,Đà Nẵng,Quận Liên Chiểu,CanHo,3463.0
100.2,1,1,TP. Hồ Chí Minh,Bình Thạnh,CanHo,5885.0
62.1,3,3,Đà Nẵng,Quận Sơn Trà,CanHo,3571.0
99.2,3,2,TP. Hồ Chí Minh,Bình Thạnh,CanHo,6758.0
106.9,4,2,Hà Nội,Quận Hà Đông,NhaO,9698.0
79.1,3,3,Bình Dương,Thị xã Tân Uyên,NhaO,4266.0
88.3,2,1,Đà Nẵng,Quận Liên Chiểu,CanHo,2470.0
98.1,2,2,Đồng Nai,Thành phố Biên Hòa,CanHo,4154.0
91.1,3,2,Hà Nội,Quận Long Biên,CanHo,4246.0
48.5,2,2,TP. Hồ Chí Minh,Quận 1,CanHo,5532.0
212.6,2,2,TP. Hồ Chí Minh,Quận 12,NhaO,10386.0
119.5,3,2,Bình Dương,Thành phố Dĩ An,CanHo,4338.0
64.2,2,2,TP. Hồ Chí Minh,Quận 1,CanHo,7367.0
51.6,5,5,Hà Nội,Quận Hoàn Kiếm,NhaO,14334.0
105.3,1,1,Đà Nẵng,Quận Liên Chiểu,CanHo,2751.0
104.6,1,1,Đồng Nai,Huyện Nhơn Trạch,CanHo,2536.0
78.8,3,3,Đà Nẵng,Quận Thanh Khê,NhaO,7930.0
60.8,3,2,Hà Nội,Quận Đống Đa,CanHo,5312.0
83.8,1,1,Hà Nội,Quận Thanh Xuân,CanHo,4316.0
179.7,2,1,Đà Nẵng,Quận Sơn Trà,NhaO,18994.0
91.5,1,1,TP. Hồ Chí Minh,Quận 12,CanHo,2796.0
66.4,3,2,Đồng Nai,Thành phố Long Khánh,CanHo,1836.0
97.3,1,1,Hà Nội,Quận Cầu Giấy,CanHo,7372.0
73.3,3,1,Bình Dương,Thành phố Thuận An,NhaO,4682.0
248.2,2,2,Hà Nội,Quận Long Biên,NhaO,26095.0
167.0,4,3,Bình Dương,Thị xã Tân Uyên,NhaO,8816.0
117.2,1,1,Bình Dương,Thành phố Thủ Dầu Một,CanHo,4380.0
55.3,2,1,Đồng Nai,Huyện Long Thành,NhaO,3577.0
52.7,5,5,Đồng Nai,Thành phố Long Khánh,NhaO,3058.0
188.2,3,1,Đà Nẵng,Quận Hải Châu,NhaO,25711.0
112.9,3,2,Hà Nội,Quận Cầu Giấy,NhaO,20629.0
229.6,5,4,Bình Dương,Thị xã Tân Uyên,NhaO,12155.0
47.0,2,2,Đồng Nai,Huyện Trảng Bom,CanHo,1071.0
127.3,4,3,TP. Hồ Chí Minh,Bình Chánh,NhaO,5871.0
42.1,3,3,Đồng Nai,Huyện Long Thành,CanHo,1362.0
133.9,3,2,Đồng Nai,Huyện Nhơn Trạch,NhaO,6608.0
239.5,2,2,Đà Nẵng,Quận Thanh Khê,NhaO,22451.0
51.0,2,2,Đà Nẵng,Quận Ngũ Hành Sơn,CanHo,2519.0
51.4,4,4,Bình Dương,Thành phố Thuận An,NhaO,4204.0
55.1,2,1,Đồng Nai,Thành phố Biên Hòa,CanHo,2086.0
86.6,2,1,Đà Nẵng,Quận Sơn Trà,NhaO,10051.0
108.9,1,1,Đồng Nai,Huyện Long Thành,CanHo,3407.0
160.9,3,3,Bình Dương,Thị xã Bến Cát,NhaO,6458.0
201.2,2,1,TP. Hồ Chí Minh,Quận 1,NhaO,41881.0
37.6,2,1,TP. Hồ Chí Minh,Gò Vấp,NhaO,2823.0
102.1,1,1,Đà Nẵng,Quận Ngũ Hành Sơn,CanHo,4630.0
174.6,2,2,Đồng Nai,Thành phố Long Khánh,NhaO,8820.0
208.1,3,1,Đồng Nai,Thành phố Long Khánh,NhaO,11399.0
89.1,1,1,Hà Nội,Quận Cầu Giấy,CanHo,5688.0
89.5,3,3,Đồng Nai,Thành phố Long Khánh,CanHo,2839.0
181.6,3,1,Đồng Nai,Huyện Trảng Bom,NhaO,7151.0
85.4,3,3,TP. Hồ Chí Minh,Quận 3,CanHo,8200.0
41.1,3,1,Hà Nội,Quận Long Biên,NhaO,3846.0
48.6,2,2,Hà Nội,Quận Đống Đa,CanHo,3908.0
242.9,4,2,TP. Hồ Chí Minh,Quận 7,NhaO,26398.0
63.2,5,4,TP. Hồ Chí Minh,Quận 1,NhaO,18259.0
93.0,1,1,Hà Nội,Quận Thanh Xuân,CanHo,4535.0
128.8,5,4,Bình Dương,Thành phố Thuận An,NhaO,9811.0
118.5,3,2,Bình Dương,Thành phố Thuận An,CanHo,4173.0
116.9,1,1,Đà Nẵng,Quận Hải Châu,CanHo,6862.0
116.3,2,1,Hà Nội,Quận Đống Đa,CanHo,9372.0
100.2,3,3,TP. Hồ Chí Minh,Bình Chánh,NhaO,4666.0
109.3,2,1,Hà Nội,Quận Đống Đa,CanHo,9116.0
51.3,3,3,Bình Dương,Thành phố Thủ Dầu Một,CanHo,2427.0
93.7,2,2,Bình Dương,Thành phố Thủ Dầu Một,CanHo,3651.0
90.0,1,1,Đồng Nai,Huyện Trảng Bom,CanHo,1816.0
221.5,5,5,Bình Dương,Thành phố Dĩ An,NhaO,19031.0
106.8,2,1,Đồng Nai,Huyện Trảng Bom,CanHo,1958.0
238.9,2,1,Đà Nẵng,Quận Hải Châu,NhaO,28258.0
36.6,5,5,Đồng Nai,Huyện Trảng Bom,NhaO,1672.0
65.5,4,4,Hà Nội,Quận Hà Đông,NhaO,7076.0
180.6,4,3,Bình Dương,Thành phố Dĩ An,NhaO,14084.0
110.7,3,2,Đồng Nai,Thành phố Long Khánh,CanHo,3580.0
143.2,4,3,Hà Nội,Quận Long Biên,NhaO,14577.0
78.9,2,2,TP. Hồ Chí Minh,Gò Vấp,CanHo,2948.0
62.8,2,1,Hà Nội,Quận Cầu Giấy,CanHo,4310.0
61.0,1,1,TP. Hồ Chí Minh,Bình Chánh,CanHo,1433.0
100.0,3,2,Bình Dương,Thị xã Bến Cát,CanHo,2449.0
222.4,5,5,Đà Nẵng,Quận Thanh Khê,NhaO,21478.0
179.1,3,3,Đà Nẵng,Quận Liên Chiểu,NhaO,11514.0
36.0,2,2,TP. Hồ Chí Minh,Gò Vấp,NhaO,2897.0
89.7,1,1,Đà Nẵng,Quận Hải Châu,CanHo,4427.0
86.4,1,1,TP. Hồ Chí Minh,Bình Thạnh,CanHo,5718.0
210.4,4,4,Hà Nội,Quận Long Biên,NhaO,23999.0
104.9,3,2,Bình Dương,Thành phố Thuận An,CanHo,4085.0
108.8,1,1,Hà Nội,Quận Cầu Giấy,CanHo,8231.0
100.1,3,3,Đồng Nai,Thành phố Long Khánh,NhaO,6086.0
94.0,3,3,Đà Nẵng,Quận Ngũ Hành Sơn,CanHo,4985.0
40.4,4,4,Đà Nẵng,Quận Ngũ Hành Sơn,NhaO,4010.0
48.4,2,1,Đồng Nai,Thành phố Biên Hòa,NhaO,4082.0
118.8,3,2,Đà Nẵng,Quận Thanh Khê,CanHo,4645.0
104.6,1,1,Hà Nội,Quận Hai Bà Trưng,CanHo,7024.0
48.6,1,1,Đà Nẵng,Quận Thanh Khê,CanHo,1884.0
91.6,3,2,Đồng Nai,Huyện Trảng Bom,CanHo,2110.0
73.5,3,3,Đồng Nai,Huyện Long Thành,CanHo,2371.0
187.0,4,2,Đà Nẵng,Quận Sơn Trà,NhaO,24365.0
60.2,3,2,Đồng Nai,Thành phố Long Khánh,CanHo,1908.0
57.7,2,1,Đà Nẵng,Quận Thanh Khê,CanHo,2266.0
94.7,1,1,Đồng Nai,Huyện Long Thành,CanHo,2729.0
72.5,3,3,TP. Hồ Chí Minh,Quận 1,NhaO,19405.0
105.5,4,4,Đà Nẵng,Quận Sơn Trà,NhaO,12685.0
39.2,4,2,Hà Nội,Quận Hoàn Kiếm,NhaO,10281.0
172.0,2,1,Hà Nội,Quận Hai Bà Trưng,NhaO,29047.0
79.2,3,1,Bình Dương,Thành phố Dĩ An,NhaO,5843.0
99.5,1,1,Hà Nội,Quận Hoàn Kiếm,CanHo,10853.0
109.9,2,1,TP. Hồ Chí Minh,Bình Thạnh,CanHo,7942.0
68.7,2,1,TP. Hồ Chí Minh,Gò Vấp,CanHo,2513.0
75.8,2,2,Đồng Nai,Thành phố Long Khánh,CanHo,2387.0
105.4,3,2,TP. Hồ Chí Minh,Quận 1,NhaO,28029.0
97.3,5,4,Hà Nội,Quận Đống Đa,NhaO,19376.0
216.8,2,1,Bình Dương,Thị xã Bến Cát,NhaO,8942.0
219.2,2,1,Hà Nội,Quận Hai Bà Trưng,NhaO,33814.0
59.2,1,1,Hà Nội,Quận Long Biên,CanHo,2400.0
58.4,2,1,Bình Dương,Thành phố Dĩ An,CanHo,2163.0
178.5,4,3,Đồng Nai,Huyện Nhơn Trạch,NhaO,9678.0
66.3,2,1,Đồng Nai,Huyện Long Thành,NhaO,4112.0
55.8,2,1,Đà Nẵng,Quận Ngũ Hành Sơn,CanHo,2325.0
68.6,4,3,Bình Dương,Thị xã Tân Uyên,NhaO,3418.0
112.5,2,2,Bình Dương,Thị xã Bến Cát,CanHo,2755.0
52.6,3,2,TP. Hồ Chí Minh,Quận 3,CanHo,5168.0
72.0,4,3,Đồng Nai,Huyện Long Thành,NhaO,5160.0
55.1,2,2,Đà Nẵng,Quận Thanh Khê,NhaO,4675.0
202.1,5,5,Bình Dương,Thị xã Bến Cát,NhaO,10393.0
153.6,3,1,Bình Dương,Thành phố Thủ Dầu Một,NhaO,10858.0
64.3,1,1,Bình Dương,Thành phố Dĩ An,CanHo,2426.0
63.0,2,1,Đồng Nai,Thành phố Long Khánh,CanHo,1713.0
112.9,4,4,Hà Nội,Quận Long Biên,NhaO,12293.0
191.4,4,4,Đồng Nai,Thành phố Long Khánh,NhaO,11204.0
158.9,5,4,Đà Nẵng,Quận Hải Châu,NhaO,21610.0
227.4,3,2,Đà Nẵng,Quận Sơn Trà,NhaO,28020.0
105.2,2,1,Đà Nẵng,Quận Thanh Khê,CanHo,3986.0
82.3,1,1,Đồng Nai,Huyện Trảng Bom,CanHo,1739.0
71.8,2,1,TP. Hồ Chí Minh,Quận 12,CanHo,1926.0
227.8,4,2,Đà Nẵng,Quận Sơn Trà,NhaO,26875.0
145.8,3,1,Hà Nội,Quận Hoàn Kiếm,NhaO,40913.0
80.5,3,2,Đồng Nai,Thành phố Long Khánh,CanHo,2279.0
82.8,3,3,Đồng Nai,Huyện Nhơn Trạch,CanHo,2415.0
68.4,1,1,TP. Hồ Chí Minh,Quận 1,CanHo,6531.0
110.6,1,1,Đà Nẵng,Quận Ngũ Hành Sơn,CanHo,4443.0
44.1,3,2,Đà Nẵng,Quận Ngũ Hành Sơn,CanHo,2319.0
44.3,1,1,Bình Dương,Thị xã Tân Uyên,CanHo,1129.0
63.3,3,2,Bình Dương,Thành phố Thủ Dầu Một,NhaO,5361.0
246.2,2,1,TP. Hồ Chí Minh,Quận 1,NhaO,56337.0
143.2,5,3,Hà Nội,Quận Hoàn Kiếm,NhaO,42580.0
109.3,3,2,Hà Nội,Quận Đống Đa,NhaO,19794.0
73.1,2,2,TP. Hồ Chí Minh,Bình Thạnh,CanHo,5053.0
56.4,2,2,TP. Hồ Chí Minh,Quận 1,CanHo,6334.0
54.8,3,1,Bình Dương,Thành phố Thủ Dầu Một,NhaO,4553.0
224.2,5,5,Đồng Nai,Huyện Trảng Bom,NhaO,11029.0
69.1,2,2,Hà Nội,Quận Cầu Giấy,CanHo,5117.0
105.0,1,1,Bình Dương,Thị xã Bến Cát,CanHo,2349.0
40.2,1,1,TP. Hồ Chí Minh,Gò Vấp,CanHo,1585.0
99.9,3,3,Bình Dương,Thành phố Dĩ An,CanHo,3999.0
54.6,2,1,Hà Nội,Quận Đống Đa,CanHo,4301.0
205.4,2,1,Đà Nẵng,Quận Thanh Khê,NhaO,18419.0
203.6,4,2,Đồng Nai,Huyện Trảng Bom,NhaO,9208.0
78.0,1,1,Đà Nẵng,Quận Sơn Trà,CanHo,3697.0
37.8,5,3,TP. Hồ Chí Minh,Quận 1,NhaO,9409.0
231.8,5,4,TP. Hồ Chí Minh,Quận 3,NhaO,49724.0
88.6,5,4,Bình Dương,Thị xã Tân Uyên,NhaO,4820.0
97.8,2,2,Hà Nội,Quận Đống Đa,CanHo,8186.0
93.4,2,2,Hà Nội,Quận Thanh Xuân,CanHo,5816.0
118.9,1,1,TP. Hồ Chí Minh,Quận 1,CanHo,10464.0
102.4,3,3,TP. Hồ Chí Minh,Quận 1,CanHo,11885.0
224.1,3,2,Đà Nẵng,Quận Ngũ Hành Sơn,NhaO,20964.0
64.0,2,1,Đồng Nai,Thành phố Biên Hòa,CanHo,2428.0
235.6,2,2,Đà Nẵng,Quận Ngũ Hành Sơn,NhaO,20020.0
119.4,4,4,TP. Hồ Chí Minh,Bình Thạnh,NhaO,16242.0
63.4,3,1,Bình Dương,Thị xã Tân Uyên,NhaO,3016.0
44.8,4,2,TP. Hồ Chí Minh,Gò Vấp,NhaO,3760.0
74.1,1,1,Đà Nẵng,Quận Sơn Trà,CanHo,3409.0
129.5,5,5,Hà Nội,Quận Long Biên,NhaO,15815.0
91.2,5,4,TP. Hồ Chí Minh,Quận 3,NhaO,19538.0
230.1,4,3,Hà Nội,Quận Hai Bà Trưng,NhaO,41651.0
49.0,2,1,Đồng Nai,Huyện Nhơn Trạch,CanHo,1102.0
128.1,4,4,Bình Dương,Thành phố Dĩ An,NhaO,11021.0
107.4,3,3,Đồng Nai,Huyện Long Thành,CanHo,3602.0
58.2,3,3,Đà Nẵng,Quận Sơn Trà,NhaO,6667.0
123.2,5,3,TP. Hồ Chí Minh,Bình Chánh,NhaO,6270.0
184.6,2,1,Hà Nội,Quận Hoàn Kiếm,NhaO,45539.0
120.1,2,1,Đồng Nai,Huyện Trảng Bom,NhaO,4671.0
100.5,4,4,Hà Nội,Quận Hà Đông,NhaO,10264.0
151.7,3,3,TP. Hồ Chí Minh,Gò Vấp,NhaO,11464.0
78.0,2,2,Đồng Nai,Thành phố Biên Hòa,CanHo,2999.0
113.3,1,1,Đà Nẵng,Quận Hải Châu,CanHo,6347.0
192.0,3,2,Hà Nội,Quận Hoàn Kiếm,NhaO,50590.0
61.9,2,2,Bình Dương,Thành phố Dĩ An,CanHo,2346.0
42.3,3,3,Bình Dương,Thị xã Bến Cát,CanHo,1054.0
161.6,2,2,Đà Nẵng,Quận Hải Châu,NhaO,20444.0
163.0,4,4,Đồng Nai,Thành phố Biên Hòa,NhaO,13658.0
77.3,4,4,Hà Nội,Quận Hai Bà Trưng,NhaO,13345.0
117.3,1,1,Hà Nội,Quận Thanh Xuân,CanHo,5885.0
116.5,3,2,Đồng Nai,Thành phố Long Khánh,CanHo,3636.0
68.6,5,3,Hà Nội,Quận Hai Bà Trưng,NhaO,13841.0
110.1,2,2,Hà Nội,Quận Cầu Giấy,CanHo,9057.0
224.0,3,2,Bình Dương,Thị xã Tân Uyên,NhaO,11240.0
101.0,3,3,TP. Hồ Chí Minh,Bình Chánh,CanHo,2914.0
105.6,5,3,Bình Dương,Thị xã Bến Cát,NhaO,5272.0
185.0,5,5,Bình Dương,Thành phố Dĩ An,NhaO,16411.0
123.4,4,4,Đà Nẵng,Quận Thanh Khê,NhaO,12611.0
79.2,1,1,Hà Nội,Quận Cầu Giấy,CanHo,5948.0
227.6,2,1,TP. Hồ Chí Minh,Quận 7,NhaO,22367.0
89.0,3,2,TP. Hồ Chí Minh,Bình Chánh,CanHo,2486.0
87.1,2,1,Hà Nội,Quận Cầu Giấy,NhaO,14754.0
107.2,1,1,Hà Nội,Quận Hà Đông,CanHo,3876.0
106.0,1,1,Đà Nẵng,Quận Sơn Trà,CanHo,4952.0
135.1,5,5,Đồng Nai,Thành phố Biên Hòa,NhaO,13446.0
125.4,3,2,Đồng Nai,Huyện Trảng Bom,NhaO,5543.0
122.4,2,1,TP. Hồ Chí Minh,Quận 7,NhaO,14288.0
48.6,1,1,Đồng Nai,Huyện Trảng Bom,CanHo,886.0
102.9,3,2,TP. Hồ Chí Minh,Bình Chánh,CanHo,2883.0
99.2,2,2,Bình Dương,Thành phố Thuận An,CanHo,3708.0
62.0,5,4,TP. Hồ Chí Minh,Quận 3,NhaO,14843.0
57.7,1,1,Đà Nẵng,Quận Sơn Trà,CanHo,2702.0
47.6,3,3,Đồng Nai,Huyện Nhơn Trạch,CanHo,1274.0
48.0,4,4,TP. Hồ Chí Minh,Quận 12,NhaO,3119.0
183.7,2,2,Bình Dương,Thị xã Bến Cát,NhaO,8153.0
91.7,5,5,Bình Dương,Thị xã Tân Uyên,NhaO,4871.0
78.4,5,4,Đồng Nai,Huyện Long Thành,NhaO,5694.0
112.0,2,1,TP. Hồ Chí Minh,Quận 7,CanHo,7112.0
173.3,4,4,TP. Hồ Chí Minh,Quận 1,NhaO,44747.0
73.6,2,2,TP. Hồ Chí Minh,Bình Thạnh,CanHo,5547.0
139.3,4,4,TP. Hồ Chí Minh,Bình Thạnh,NhaO,17695.0
82.9,1,1,Bình Dương,Thành phố Dĩ An,CanHo,2959.0
85.4,1,1,Đồng Nai,Thành phố Long Khánh,CanHo,2369.0
150.5,2,1,Đà Nẵng,Quận Liên Chiểu,NhaO,9891.0
104.2,3,2,Hà Nội,Quận Đống Đa,CanHo,8877.0
81.6,3,2,Đà Nẵng,Quận Ngũ Hành Sơn,CanHo,4166.0
165.7,5,3,Đồng Nai,Thành phố Long Khánh,NhaO,10505.0
116.0,1,1,Bình Dương,Thị xã Tân Uyên,CanHo,2904.0
168.9,4,2,Hà Nội,Quận Hai Bà Trưng,NhaO,31337.0
66.1,2,1,Hà Nội,Quận Hoàn Kiếm,CanHo,6981.0
54.7,4,3,Đồng Nai,Huyện Long Thành,NhaO,3759.0
220.8,4,3,Bình Dương,Thị xã Bến Cát,NhaO,9938.0
68.2,3,3,Đà Nẵng,Quận Ngũ Hành Sơn,NhaO,7149.0
57.5,3,3,Hà Nội,Quận Cầu Giấy,CanHo,4769.0
153.8,5,5,TP. Hồ Chí Minh,Bình Chánh,NhaO,6936.0
127.0,2,2,TP. Hồ Chí Minh,Quận 3,NhaO,23406.0
54.3,2,2,Hà Nội,Quận Hà Đông,CanHo,2230.0
66.8,2,1,Hà Nội,Quận Cầu Giấy,CanHo,4682.0
89.7,4,2,Đồng Nai,Huyện Nhơn Trạch,NhaO,4572.0
146.6,5,3,Đồng Nai,Huyện Nhơn Trạch,NhaO,7278.0
75.6,2,1,Đà Nẵng,Quận Liên Chiểu,NhaO,4825.0
192.4,5,4,Đồng Nai,Thành phố Long Khánh,NhaO,11700.0
183.5,2,1,Hà Nội,Quận Hoàn Kiếm,NhaO,43779.0
104.5,2,2,Bình Dương,Thị xã Tân Uyên,CanHo,2573.0
114.4,1,1,Đà Nẵng,Quận Hải Châu,CanHo,6165.0
102.8,1,1,Đồng Nai,Thành phố Biên Hòa,CanHo,3752.0
187.1,2,1,Đồng Nai,Thành phố Long Khánh,NhaO,9928.0
40.7,3,2,Bình Dương,Thành phố Thuận An,NhaO,3106.0
69.4,2,2,Hà Nội,Quận Long Biên,CanHo,3360.0
76.4,3,3,Đồng Nai,Huyện Nhơn Trạch,CanHo,1893.0
59.4,3,3,Đồng Nai,Thành phố Long Khánh,CanHo,1693.0
87.8,2,1,Đà Nẵng,Quận Hải Châu,NhaO,11303.0
84.0,3,3,Đồng Nai,Thành phố Biên Hòa,CanHo,3460.0
85.1,2,1,Hà Nội,Quận Long Biên,NhaO,7616.0
240.7,3,3,TP. Hồ Chí Minh,Bình Thạnh,NhaO,33573.0
113.9,2,1,TP. Hồ Chí Minh,Quận 7,NhaO,12326.0
40.2,4,4,TP. Hồ Chí Minh,Quận 12,NhaO,2606.0
85.0,1,1,Đà Nẵng,Quận Liên Chiểu,CanHo,2266.0
53.5,1,1,Đà Nẵng,Quận Liên Chiểu,CanHo,1485.0
149.8,3,2,Đà Nẵng,Quận Thanh Khê,NhaO,12564.0
104.5,2,1,Hà Nội,Quận Thanh Xuân,CanHo,6317.0
90.3,1,1,Đà Nẵng,Quận Ngũ Hành Sơn,CanHo,4177.0
53.9,2,2,Bình Dương,Thành phố Dĩ An,CanHo,2137.0
86.1,1,1,Hà Nội,Quận Long Biên,CanHo,3494.0
248.6,3,1,Đồng Nai,Huyện Trảng Bom,NhaO,10689.0
150.3,4,2,TP. Hồ Chí Minh,Bình Thạnh,NhaO,18111.0
192.4,5,3,Đà Nẵng,Quận Sơn Trà,NhaO,25687.0
238.5,5,5,Đà Nẵng,Quận Hải Châu,NhaO,37719.0
56.3,2,2,TP. Hồ Chí Minh,Quận 7,CanHo,3469.0
105.8,2,1,TP. Hồ Chí Minh,Quận 3,CanHo,10508.0
51.8,4,3,Đồng Nai,Thành phố Long Khánh,NhaO,2867.0
90.3,3,3,Đà Nẵng,Quận Liên Chiểu,NhaO,5988.0
106.8,2,1,Đà Nẵng,Quận Thanh Khê,NhaO,8411.0
69.7,1,1,TP. Hồ Chí Minh,Quận 3,CanHo,5517.0
241.8,4,4,Bình Dương,Thị xã Tân Uyên,NhaO,13782.0
146.5,4,4,TP. Hồ Chí Minh,Bình Thạnh,NhaO,19395.0
185.7,3,2,TP. Hồ Chí Minh,Quận 1,NhaO,48942.0
103.0,3,3,Hà Nội,Quận Đống Đa,CanHo,9372.0
140.0,3,1,Đà Nẵng,Quận Ngũ Hành Sơn,NhaO,11907.0
215.6,5,5,Bình Dương,Thành phố Thuận An,NhaO,15776.0
72.3,2,2,Hà Nội,Quận Đống Đa,CanHo,6107.0
59.7,2,2,Bình Dương,Thành phố Thuận An,CanHo,1931.0
145.1,3,1,Bình Dương,Thị xã Bến Cát,NhaO,6369.0
119.9,5,5,Đà Nẵng,Quận Thanh Khê,NhaO,12644.0
113.2,3,3,Đồng Nai,Thành phố Long Khánh,CanHo,3809.0
179.7,4,2,TP. Hồ Chí Minh,Gò Vấp,NhaO,14520.0
56.6,2,2,Đồng Nai,Thành phố Biên Hòa,NhaO,4957.0
43.6,5,4,Đà Nẵng,Quận Hải Châu,NhaO,7173.0
233.6,3,1,Bình Dương,Thành phố Thủ Dầu Một,NhaO,19347.0
46.9,2,2,Đồng Nai,Huyện Long Thành,CanHo,1654.0
172.6,4,4,Đà Nẵng,Quận Thanh Khê,NhaO,18617.0
223.8,4,2,Đà Nẵng,Quận Liên Chiểu,NhaO,15646.0
78.2,5,3,Đà Nẵng,Quận Hải Châu,NhaO,10398.0
104.3,2,2,Bình Dương,Thị xã Tân Uyên,CanHo,2486.0
44.3,2,1,TP. Hồ Chí Minh,Bình Chánh,CanHo,1150.0
42.0,1,1,TP. Hồ Chí Minh,Gò Vấp,CanHo,1689.0
81.4,1,1,Hà Nội,Quận Long Biên,CanHo,3353.0
118.5,1,1,Đà Nẵng,Quận Thanh Khê,CanHo,4440.0
42.7,1,1,Đồng Nai,Huyện Nhơn Trạch,CanHo,1005.0
64.4,1,1,Hà Nội,Quận Thanh Xuân,CanHo,3755.0
117.5,2,1,TP. Hồ Chí Minh,Quận 1,NhaO,27519.0
241.8,2,1,Đồng Nai,Huyện Nhơn Trạch,NhaO,11857.0
174.7,3,1,Đà Nẵng,Quận Thanh Khê,NhaO,14967.0
102.8,4,4,Hà Nội,Quận Cầu Giấy,NhaO,18727.0
249.8,4,4,TP. Hồ Chí Minh,Gò Vấp,NhaO,21983.0
98.4,5,3,Bình Dương,Thành phố Thủ Dầu Một,NhaO,8586.0
43.7,2,2,Đà Nẵng,Quận Hải Châu,CanHo,2595.0
116.9,1,1,Đồng Nai,Huyện Long Thành,CanHo,3641.0
174.0,5,3,Bình Dương,Thành phố Thuận An,NhaO,12919.0
107.2,2,1,Bình Dương,Thành phố Thuận An,CanHo,3354.0
115.8,2,2,Bình Dương,Thị xã Bến Cát,CanHo,2433.0
76.3,2,2,Bình Dương,Thành phố Dĩ An,CanHo,2721.0
218.7,5,3,TP. Hồ Chí Minh,Bình Thạnh,NhaO,32548.0
44.2,3,1,TP. Hồ Chí Minh,Bình Chánh,NhaO,1912.0
42.5,2,2,Hà Nội,Quận Hai Bà Trưng,CanHo,3617.0
159.4,4,3,Đà Nẵng,Quận Thanh Khê,NhaO,16132.0
249.8,3,2,Bình Dương,Thành phố Dĩ An,NhaO,16918.0
116.5,4,3,Đồng Nai,Huyện Long Thành,NhaO,8550.0
115.9,2,2,Đà Nẵng,Quận Liên Chiểu,NhaO,8074.0
53.6,3,3,Đồng Nai,Huyện Trảng Bom,CanHo,1287.0
248.1,5,5,Đà Nẵng,Quận Thanh Khê,NhaO,28182.0
234.7,3,2,Bình Dương,Thị xã Tân Uyên,NhaO,12342.0
105.7,3,3,Đà Nẵng,Quận Hải Châu,CanHo,7069.0
51.9,3,2,Đà Nẵng,Quận Ngũ Hành Sơn,NhaO,5426.0
134.4,4,2,TP. Hồ Chí Minh,Quận 3,NhaO,25626.0
63.7,3,1,Hà Nội,Quận Cầu Giấy,NhaO,10932.0
92.3,1,1,Đà Nẵng,Quận Thanh Khê,CanHo,3196.0
123.1,4,3,Đồng Nai,Huyện Long Thành,NhaO,8837.0
44.9,5,4,Hà Nội,Quận Thanh Xuân,NhaO,7398.0
52.0,1,1,Bình Dương,Thị xã Bến Cát,CanHo,1191.0
234.5,5,3,Hà Nội,Quận Hoàn Kiếm,NhaO,65754.0
63.3,2,1,Đà Nẵng,Quận Liên Chiểu,CanHo,1803.0
231.8,3,2,Hà Nội,Quận Cầu Giấy,NhaO,37773.0
93.4,2,1,Đồng Nai,Thành phố Long Khánh,CanHo,2544.0
91.1,2,2,TP. Hồ Chí Minh,Quận 7,CanHo,5674.0
65.1,3,2,Hà Nội,Quận Đống Đa,CanHo,5652.0
82.6,5,5,Hà Nội,Quận Hai Bà Trưng,NhaO,17916.0
75.6,1,1,Đà Nẵng,Quận Ngũ Hành Sơn,CanHo,3018.0
223.2,4,2,Bình Dương,Thị xã Bến Cát,NhaO,10371.0
146.4,5,4,Đà Nẵng,Quận Hải Châu,NhaO,23810.0
80.0,2,1,Đà Nẵng,Quận Sơn Trà,NhaO,7869.0
117.6,2,1,TP. Hồ Chí Minh,Quận 12,CanHo,3345.0
84.4,3,3,TP. Hồ Chí Minh,Quận 3,CanHo,8611.0
74.6,3,2,Hà Nội,Quận Đống Đa,CanHo,5826.0
73.0,5,5,Đồng Nai,Huyện Nhơn Trạch,NhaO,4190.0
53.5,1,1,Đồng Nai,Thành phố Biên Hòa,CanHo,2171.0
61.2,1,1,Hà Nội,Quận Thanh Xuân,CanHo,3630.0
41.1,3,3,Hà Nội,Quận Cầu Giấy,CanHo,3134.0
216.5,4,2,Đồng Nai,Thành phố Biên Hòa,NhaO,20866.0
52.8,3,2,Bình Dương,Thành phố Dĩ An,CanHo,2075.0
133.2,4,4,Đà Nẵng,Quận Liên Chiểu,NhaO,10601.0
82.8,2,1,Bình Dương,Thành phố Thuận An,CanHo,2568.0
81.3,1,1,TP. Hồ Chí Minh,Bình Thạnh,CanHo,5467.0
115.9,1,1,Hà Nội,Quận Hai Bà Trưng,CanHo,9298.0
84.5,2,2,Đồng Nai,Huyện Long Thành,CanHo,2930.0
102.0,3,3,Đồng Nai,Huyện Trảng Bom,CanHo,2123.0
105.3,4,3,TP. Hồ Chí Minh,Quận 7,NhaO,13581.0
54.0,2,1,Đà Nẵng,Quận Ngũ Hành Sơn,CanHo,2537.0
47.6,2,2,Đà Nẵng,Quận Thanh Khê,CanHo,1995.0
70.4,5,4,Đà Nẵng,Quận Hải Châu,NhaO,9747.0
71.2,2,1,Đà Nẵng,Quận Ngũ Hành Sơn,CanHo,3083.0
80.5,3,3,Đồng Nai,Huyện Trảng Bom,CanHo,1627.0
158.4,2,1,Đồng Nai,Thành phố Long Khánh,NhaO,8757.0
164.5,4,3,Đồng Nai,Huyện Long Thành,NhaO,11819.0
111.9,2,2,Đồng Nai,Huyện Nhơn Trạch,NhaO,5008.0
38.7,2,1,Hà Nội,Quận Long Biên,NhaO,3600.0
70.0,1,1,Đà Nẵng,Quận Hải Châu,CanHo,3925.0
206.9,2,1,Đồng Nai,Huyện Nhơn Trạch,NhaO,10004.0
60.0,3,3,Bình Dương,Thị xã Bến Cát,CanHo,1536.0
238.2,2,2,Bình Dương,Thị xã Tân Uyên,NhaO,11948.0
61.1,3,2,Đà Nẵng,Quận Liên Chiểu,CanHo,1716.0
235.4,2,1,Đà Nẵng,Quận Ngũ Hành Sơn,NhaO,19650.0
137.5,2,1,Hà Nội,Quận Hai Bà Trưng,NhaO,23786.0
64.9,4,4,Hà Nội,Quận Hoàn Kiếm,NhaO,20033.0
213.5,5,4,Đồng Nai,Huyện Nhơn Trạch,NhaO,11525.0
173.0,3,1,Đà Nẵng,Quận Ngũ Hành Sơn,NhaO,16097.0
45.1,2,2,TP. Hồ Chí Minh,Bình Thạnh,CanHo,3397.0
46.2,2,1,TP. Hồ Chí Minh,Quận 12,NhaO,2545.0
137.9,4,4,Đà Nẵng,Quận Sơn Trà,NhaO,18821.0
92.9,2,1,TP. Hồ Chí Minh,Gò Vấp,CanHo,3562.0
89.9,3,3,Đà Nẵng,Quận Liên Chiểu,CanHo,2714.0
168.1,5,4,TP. Hồ Chí Minh,Gò Vấp,NhaO,14253.0
81.7,2,1,Đồng Nai,Thành phố Biên Hòa,NhaO,5922.0
81.7,5,5,Đà Nẵng,Quận Ngũ Hành Sơn,NhaO,9279.0
40.5,3,3,Đồng Nai,Huyện Long Thành,CanHo,1536.0
84.4,5,3,Bình Dương,Thành phố Thuận An,NhaO,6763.0
79.6,3,3,Bình Dương,Thành phố Dĩ An,CanHo,2892.0
47.8,2,1,Đồng Nai,Huyện Long Thành,CanHo,1462.0
73.2,4,4,Đà Nẵng,Quận Thanh Khê,NhaO,6836.0
81.4,2,1,Hà Nội,Quận Đống Đa,CanHo,6383.0
214.7,4,3,TP. Hồ Chí Minh,Bình Thạnh,NhaO,27945.0
244.1,3,2,TP. Hồ Chí Minh,Quận 12,NhaO,14129.0
101.0,1,1,Đồng Nai,Huyện Nhơn Trạch,CanHo,2579.0
42.7,2,1,Đà Nẵng,Quận Liên Chiểu,CanHo,1147.0
124.6,2,1,Bình Dương,Thị xã Tân Uyên,NhaO,5609.0
107.8,2,2,Đồng Nai,Thành phố Biên Hòa,CanHo,4033.0
223.9,2,2,Đồng Nai,Huyện Trảng Bom,NhaO,8467.0
66.9,3,3,Đà Nẵng,Quận Sơn Trà,CanHo,4096.0
80.7,2,2,Đà Nẵng,Quận Ngũ Hành Sơn,CanHo,3423.0
65.7,1,1,Hà Nội,Quận Đống Đa,CanHo,5336.0
103.6,5,5,Hà Nội,Quận Cầu Giấy,NhaO,20334.0
41.4,1,1,TP. Hồ Chí Minh,Quận 7,CanHo,2575.0
44.8,2,1,Hà Nội,Quận Hà Đông,CanHo,1838.0
93.5,1,1,Bình Dương,Thị xã Tân Uyên,CanHo,2276.0
43.6,1,1,TP. Hồ Chí Minh,Quận 1,CanHo,3993.0
67.0,4,3,TP. Hồ Chí Minh,Bình Chánh,NhaO,2802.0
142.0,3,3,Bình Dương,Thành phố Thuận An,NhaO,10515.0
149.1,3,1,Bình Dương,Thị xã Bến Cát,NhaO,6428.0
186.6,2,2,Bình Dương,Thành phố Dĩ An,NhaO,13982.0
145.9,3,3,Đà Nẵng,Quận Sơn Trà,NhaO,16622.0
102.7,2,2,Đồng Nai,Huyện Trảng Bom,CanHo,2087.0
184.2,2,1,Hà Nội,Quận Long Biên,NhaO,18370.0
106.2,1,1,Hà Nội,Quận Cầu Giấy,CanHo,6784.0
169.8,2,1,TP. Hồ Chí Minh,Quận 12,NhaO,7962.0
57.8,1,1,Hà Nội,Quận Hà Đông,CanHo,2158.0
198.9,5,4,Hà Nội,Quận Hai Bà Trưng,NhaO,36122.0
67.9,2,2,Bình Dương,Thị xã Tân Uyên,CanHo,1713.0
177.6,3,1,TP. Hồ Chí Minh,Bình Chánh,NhaO,7099.0
73.1,2,1,Đồng Nai,Huyện Nhơn Trạch,CanHo,1940.0
249.2,3,3,TP. Hồ Chí Minh,Bình Chánh,NhaO,10161.0
49.1,2,1,Đồng Nai,Thành phố Long Khánh,CanHo,1476.0
190.6,2,1,TP. Hồ Chí Minh,Quận 7,NhaO,21745.0
138.4,2,1,Bình Dương,Thị xã Bến Cát,NhaO,5704.0
215.0,5,3,Bình Dương,Thị xã Tân Uyên,NhaO,12095.0
70.8,3,3,Đà Nẵng,Quận Hải Châu,CanHo,4583.0
143.6,3,1,Hà Nội,Quận Hoàn Kiếm,NhaO,38477.0
182.2,2,1,Đà Nẵng,Quận Hải Châu,NhaO,20727.0
97.5,3,2,Đà Nẵng,Quận Hải Châu,CanHo,5486.0
46.1,2,2,Đà Nẵng,Quận Hải Châu,CanHo,2475.0
67.8,3,3,Bình Dương,Thị xã Bến Cát,NhaO,2839.0
61.3,1,1,Hà Nội,Quận Hà Đông,CanHo,2155.0
111.3,1,1,Bình Dương,Thành phố Thuận An,CanHo,3760.0
44.0,3,3,Đà Nẵng,Quận Liên Chiểu,CanHo,1401.0
116.8,3,2,Bình Dương,Thị xã Bến Cát,CanHo,2597.0
49.6,1,1,Đà Nẵng,Quận Thanh Khê,CanHo,1988.0
46.1,3,3,Bình Dương,Thị xã Tân Uyên,NhaO,2497.0
58.5,3,3,TP. Hồ Chí Minh,Bình Thạnh,CanHo,4152.0
103.7,3,2,TP. Hồ Chí Minh,Quận 1,NhaO,23050.0
87.4,3,3,Đà Nẵng,Quận Ngũ Hành Sơn,CanHo,4668.0
129.4,5,3,Bình Dương,Thành phố Thủ Dầu Một,NhaO,11779.0
191.3,3,2,Hà Nội,Quận Hà Đông,NhaO,17923.0
163.0,5,5,Đà Nẵng,Quận Hải Châu,NhaO,26630.0
95.8,1,1,Bình Dương,Thị xã Tân Uyên,CanHo,2271.0
77.8,2,2,TP. Hồ Chí Minh,Bình Chánh,CanHo,1893.0
71.1,5,5,TP. Hồ Chí Minh,Quận 12,NhaO,4141.0
57.5,2,2,Đồng Nai,Huyện Trảng Bom,NhaO,2484.0
47.1,3,3,Đồng Nai,Huyện Long Thành,CanHo,1525.0
44.5,2,1,Đồng Nai,Thành phố Biên Hòa,NhaO,3334.0
169.5,3,3,Đà Nẵng,Quận Thanh Khê,NhaO,17111.0
223.2,4,3,Đồng Nai,Thành phố Long Khánh,NhaO,14171.0
58.6,3,1,TP. Hồ Chí Minh,Bình Thạnh,NhaO,7622.0
89.0,3,2,Bình Dương,Thành phố Thủ Dầu Một,CanHo,3713.0
57.6,2,1,Hà Nội,Quận Cầu Giấy,NhaO,9790.0
176.5,4,3,Hà Nội,Quận Đống Đa,NhaO,34091.0
106.8,3,1,Hà Nội,Quận Hoàn Kiếm,NhaO,28405.0
86.6,1,1,Đồng Nai,Thành phố Long Khánh,CanHo,2124.0
77.3,2,1,Hà Nội,Quận Hai Bà Trưng,CanHo,5364.0
91.8,3,2,Hà Nội,Quận Hoàn Kiếm,NhaO,26580.0
86.7,3,3,Bình Dương,Thị xã Tân Uyên,CanHo,2354.0
103.7,2,1,Hà Nội,Quận Cầu Giấy,CanHo,7663.0
68.0,2,1,Bình Dương,Thị xã Bến Cát,CanHo,1452.0
95.4,1,1,Đà Nẵng,Quận Hải Châu,CanHo,5493.0
90.2,3,2,Hà Nội,Quận Đống Đa,CanHo,7048.0
75.1,2,1,Hà Nội,Quận Hai Bà Trưng,CanHo,6224.0
54.2,3,3,Đà Nẵng,Quận Thanh Khê,CanHo,2124.0
172.6,2,2,Hà Nội,Quận Hai Bà Trưng,NhaO,26561.0
106.4,2,2,Đà Nẵng,Quận Sơn Trà,CanHo,5290.0
91.3,5,3,Hà Nội,Quận Hai Bà Trưng,NhaO,19009.0
45.8,5,5,TP. Hồ Chí Minh,Bình Chánh,NhaO,2395.0
62.2,1,1,Hà Nội,Quận Long Biên,CanHo,2435.0
55.6,3,3,Đà Nẵng,Quận Liên Chiểu,CanHo,1721.0
53.7,2,1,Hà Nội,Quận Hoàn Kiếm,CanHo,5831.0
155.6,3,2,TP. Hồ Chí Minh,Quận 1,NhaO,40255.0
81.7,5,5,Đồng Nai,Huyện Nhơn Trạch,NhaO,4644.0
85.0,2,1,Đà Nẵng,Quận Sơn Trà,NhaO,9623.0
38.7,3,1,Đà Nẵng,Quận Liên Chiểu,NhaO,2602.0
53.5,1,1,Bình Dương,Thị xã Tân Uyên,CanHo,1206.0
185.9,2,2,Bình Dương,Thành phố Dĩ An,NhaO,13190.0
58.0,1,1,Bình Dương,Thị xã Bến Cát,CanHo,1235.0
107.6,2,1,Hà Nội,Quận Thanh Xuân,CanHo,5692.0
182.6,2,2,Đà Nẵng,Quận Sơn Trà,NhaO,18977.0
78.7,3,3,Hà Nội,Quận Hai Bà Trưng,CanHo,6449.0
99.5,1,1,Hà Nội,Quận Cầu Giấy,CanHo,6411.0
102.6,3,3,TP. Hồ Chí Minh,Quận 12,CanHo,3582.0
149.4,2,1,Hà Nội,Quận Đống Đa,NhaO,24980.0
97.3,2,1,Đà Nẵng,Quận Sơn Trà,CanHo,5126.0
78.7,2,1,Hà Nội,Quận Thanh Xuân,CanHo,4248.0
42.1,1,1,Đà Nẵng,Quận Sơn Trà,CanHo,1999.0
71.3,2,1,TP. Hồ Chí Minh,Gò Vấp,CanHo,3039.0
170.3,5,5,Bình Dương,Thành phố Dĩ An,NhaO,14507.0
241.8,5,5,Hà Nội,Quận Hoàn Kiếm,NhaO,73272.0
102.6,3,3,Bình Dương,Thị xã Bến Cát,CanHo,2551.0
249.2,2,2,TP. Hồ Chí Minh,Bình Thạnh,NhaO,30398.0
126.5,2,2,TP. Hồ Chí Minh,Quận 12,NhaO,6050.0
113.8,2,1,Bình Dương,Thành phố Thủ Dầu Một,CanHo,4272.0
195.7,5,3,TP. Hồ Chí Minh,Quận 1,NhaO,54671.0
98.0,1,1,Đà Nẵng,Quận Liên Chiểu,CanHo,2743.0
79.3,2,1,Đà Nẵng,Quận Liên Chiểu,NhaO,5216.0
48.2,3,3,Hà Nội,Quận Đống Đa,CanHo,4055.0
202.2,5,5,TP. Hồ Chí Minh,Quận 1,NhaO,51060.0
228.2,2,1,Đà Nẵng,Quận Liên Chiểu,NhaO,15537.0
102.0,1,1,Bình Dương,Thành phố Thuận An,CanHo,3299.0
116.4,2,1,Đồng Nai,Thành phố Biên Hòa,NhaO,9643.0
77.1,2,1,Đà Nẵng,Quận Ngũ Hành Sơn,NhaO,6354.0
65.7,4,4,Đà Nẵng,Quận Ngũ Hành Sơn,NhaO,6440.0
109.9,3,2,Hà Nội,Quận Thanh Xuân,CanHo,6193.0
105.2,2,1,Bình Dương,Thị xã Tân Uyên,NhaO,4300.0
241.7,2,2,Hà Nội,Quận Cầu Giấy,NhaO,41911.0
226.4,4,4,Đồng Nai,Thành phố Biên Hòa,NhaO,19674.0
49.7,2,1,Bình Dương,Thành phố Dĩ An,CanHo,1805.0
46.8,3,2,Đà Nẵng,Quận Hải Châu,CanHo,2680.0
50.7,2,2,Hà Nội,Quận Thanh Xuân,NhaO,6626.0
45.7,5,4,TP. Hồ Chí Minh,Quận 3,NhaO,9738.0
92.8,2,1,TP. Hồ Chí Minh,Bình Chánh,CanHo,2332.0
78.1,2,1,Đà Nẵng,Quận Liên Chiểu,CanHo,2304.0
184.3,5,3,Đồng Nai,Huyện Trảng Bom,NhaO,8129.0
61.2,2,2,Đồng Nai,Huyện Nhơn Trạch,CanHo,1525.0
68.7,3,2,Bình Dương,Thành phố Dĩ An,CanHo,2500.0
45.0,4,4,Đồng Nai,Huyện Nhơn Trạch,NhaO,2514.0
57.2,1,1,Đồng Nai,Thành phố Long Khánh,CanHo,1637.0
115.3,2,2,Đồng Nai,Huyện Nhơn Trạch,CanHo,2854.0
117.8,3,2,Đà Nẵng,Quận Thanh Khê,CanHo,4532.0
37.4,2,1,Đà Nẵng,Quận Ngũ Hành Sơn,NhaO,3701.0
97.8,2,1,Đà Nẵng,Quận Thanh Khê,NhaO,7937.0
188.0,5,5,Hà Nội,Quận Cầu Giấy,NhaO,36832.0
42.5,3,2,TP. Hồ Chí Minh,Quận 7,CanHo,3061.0
44.6,1,1,Đà Nẵng,Quận Ngũ Hành Sơn,CanHo,1932.0
111.6,2,2,Bình Dương,Thành phố Thuận An,CanHo,3622.0
97.7,1,1,TP. Hồ Chí Minh,Quận 3,CanHo,8002.0
87.4,5,5,TP. Hồ Chí Minh,Quận 3,NhaO,18605.0
167.8,4,4,TP. Hồ Chí Minh,Quận 12,NhaO,9956.0
174.3,2,1,Bình Dương,Thị xã Tân Uyên,NhaO,7487.0
125.4,4,3,Hà Nội,Quận Thanh Xuân,NhaO,18268.0
71.7,5,3,Đà Nẵng,Quận Liên Chiểu,NhaO,5714.0
84.3,3,3,TP. Hồ Chí Minh,Quận 3,CanHo,7686.0
114.1,4,4,Hà Nội,Quận Đống Đa,NhaO,23747.0
98.0,3,3,Hà Nội,Quận Cầu Giấy,CanHo,8407.0
224.0,2,1,Bình Dương,Thị xã Bến Cát,NhaO,9083.0
197.2,3,1,Hà Nội,Quận Hai Bà Trưng,NhaO,30541.0
153.3,4,3,TP. Hồ Chí Minh,Quận 3,NhaO,30223.0
69.1,2,1,TP. Hồ Chí Minh,Quận 1,NhaO,15271.0
116.8,5,4,Bình Dương,Thành phố Dĩ An,NhaO,10518.0
104.8,2,1,Hà Nội,Quận Thanh Xuân,CanHo,5446.0
65.7,2,2,Đà Nẵng,Quận Thanh Khê,CanHo,2692.0
90.2,3,3,Bình Dương,Thị xã Bến Cát,CanHo,2037.0
68.1,1,1,TP. Hồ Chí Minh,Bình Thạnh,CanHo,4421.0
93.5,2,2,Đà Nẵng,Quận Thanh Khê,CanHo,3434.0
112.7,1,1,Hà Nội,Quận Thanh Xuân,CanHo,5953.0
86.2,1,1,Hà Nội,Quận Cầu Giấy,CanHo,5959.0
211.3,5,4,Đồng Nai,Huyện Nhơn Trạch,NhaO,10500.0
93.0,1,1,TP. Hồ Chí Minh,Quận 3,CanHo,7724.0
160.6,3,1,Đà Nẵng,Quận Sơn Trà,NhaO,19675.0
226.8,5,4,TP. Hồ Chí Minh,Gò Vấp,NhaO,20006.0
52.9,2,2,Đồng Nai,Huyện Nhơn Trạch,CanHo,1339.0
235.3,2,1,TP. Hồ Chí Minh,Gò Vấp,NhaO,17671.0
150.6,2,1,Đà Nẵng,Quận Liên Chiểu,NhaO,9924.0
201.1,2,2,Đà Nẵng,Quận Sơn Trà,NhaO,22452.0
152.7,2,1,Đồng Nai,Huyện Long Thành,NhaO,10153.0
75.3,1,1,Đà Nẵng,Quận Hải Châu,CanHo,4115.0
56.7,1,1,Hà Nội,Quận Hoàn Kiếm,CanHo,6003.0
102.1,2,2,TP. Hồ Chí Minh,Bình Chánh,NhaO,3789.0
73.4,3,3,Hà Nội,Quận Thanh Xuân,CanHo,4313.0
142.4,4,4,Bình Dương,Thành phố Thuận An,NhaO,11058.0
82.6,1,1,TP. Hồ Chí Minh,Quận 1,CanHo,7238.0
68.4,3,3,TP. Hồ Chí Minh,Quận 7,NhaO,8767.0
92.1,3,3,Hà Nội,Quận Đống Đa,CanHo,8402.0
235.9,2,1,Bình Dương,Thị xã Bến Cát,NhaO,9967.0
90.0,3,2,Đồng Nai,Huyện Nhơn Trạch,CanHo,2181.0
212.0,2,1,Bình Dương,Thị xã Bến Cát,NhaO,8491.0
212.2,3,2,TP. Hồ Chí Minh,Quận 12,NhaO,11218.0
93.4,2,2,Bình Dương,Thị xã Bến Cát,CanHo,2372.0
186.3,4,2,Đà Nẵng,Quận Ngũ Hành Sơn,NhaO,20487.0
232.3,5,4,Đà Nẵng,Quận Thanh Khê,NhaO,25595.0
51.1,1,1,Hà Nội,Quận Hai Bà Trưng,CanHo,3954.0
91.8,2,2,Bình Dương,Thành phố Dĩ An,CanHo,3531.0
83.1,3,2,Đồng Nai,Huyện Nhơn Trạch,CanHo,2086.0
95.8,3,1,Hà Nội,Quận Hai Bà Trưng,NhaO,17272.0
106.9,3,2,TP. Hồ Chí Minh,Quận 7,CanHo,7179.0
62.8,1,1,Đồng Nai,Thành phố Long Khánh,CanHo,1603.0
40.9,4,4,Đà Nẵng,Quận Sơn Trà,NhaO,5421.0
219.0,4,2,Bình Dương,Thành phố Thuận An,NhaO,17524.0
84.0,3,2,Đồng Nai,Huyện Nhơn Trạch,CanHo,2375.0
88.4,3,2,Hà Nội,Quận Đống Đa,NhaO,16182.0
96.8,2,2,Bình Dương,Thành phố Thuận An,CanHo,3659.0
100.7,4,4,Bình Dương,Thị xã Tân Uyên,NhaO,5554.0
70.8,4,4,TP. Hồ Chí Minh,Quận 3,NhaO,14150.0
59.6,3,2,Bình Dương,Thành phố Thủ Dầu Một,CanHo,2546.0
157.7,3,2,Bình Dương,Thị xã Bến Cát,NhaO,6768.0
98.0,3,2,Hà Nội,Quận Long Biên,CanHo,4749.0
53.6,1,1,Đà Nẵng,Quận Sơn Trà,CanHo,2467.0
83.7,3,2,Đồng Nai,Huyện Long Thành,CanHo,2909.0
63.3,3,2,Bình Dương,Thành phố Thuận An,CanHo,2410.0
69.3,4,3,TP. Hồ Chí Minh,Quận 3,NhaO,13479.0
186.4,2,1,TP. Hồ Chí Minh,Quận 1,NhaO,43100.0
91.7,5,5,Đồng Nai,Thành phố Biên Hòa,NhaO,9872.0
45.9,1,1,Hà Nội,Quận Hà Đông,CanHo,1857.0
105.9,2,2,Đà Nẵng,Quận Liên Chiểu,CanHo,2865.0
190.3,5,5,Đà Nẵng,Quận Hải Châu,NhaO,31877.0
113.5,1,1,Hà Nội,Quận Hà Đông,CanHo,4289.0
116.7,2,2,Đồng Nai,Thành phố Biên Hòa,CanHo,4420.0
80.0,2,1,TP. Hồ Chí Minh,Quận 1,CanHo,8036.0
111.0,4,3,Đà Nẵng,Quận Liên Chiểu,NhaO,7110.0
228.9,3,3,Bình Dương,Thị xã Tân Uyên,NhaO,11950.0
63.1,2,2,Hà Nội,Quận Hà Đông,CanHo,2752.0
187.4,5,5,Bình Dương,Thị xã Tân Uyên,NhaO,10787.0
105.2,3,2,Đồng Nai,Thành phố Long Khánh,CanHo,3092.0
70.3,1,1,Đà Nẵng,Quận Liên Chiểu,CanHo,1747.0
42.9,3,3,TP. Hồ Chí Minh,Quận 1,NhaO,10625.0
106.8,2,2,Hà Nội,Quận Hà Đông,CanHo,4018.0
85.7,3,2,Hà Nội,Quận Đống Đa,CanHo,7594.0
81.6,1,1,Hà Nội,Quận Hai Bà Trưng,CanHo,5932.0
53.5,1,1,Đà Nẵng,Quận Hải Châu,CanHo,3024.0
105.2,2,1,Bình Dương,Thị xã Bến Cát,CanHo,2438.0
137.5,4,4,Hà Nội,Quận Cầu Giấy,NhaO,25753.0
94.1,5,3,Đà Nẵng,Quận Ngũ Hành Sơn,NhaO,9747.0
185.7,3,2,Hà Nội,Quận Hoàn Kiếm,NhaO,50985.0
103.3,3,2,Hà Nội,Quận Hoàn Kiếm,CanHo,11642.0
157.8,2,1,Hà Nội,Quận Cầu Giấy,NhaO,26190.0
46.5,2,2,TP. Hồ Chí Minh,Gò Vấp,CanHo,1815.0
77.3,1,1,Đà Nẵng,Quận Liên Chiểu,CanHo,2056.0
111.9,1,1,Đà Nẵng,Quận Hải Châu,CanHo,6037.0
107.9,1,1,Bình Dương,Thành phố Thuận An,CanHo,3654.0
153.3,5,4,Đà Nẵng,Quận Thanh Khê,NhaO,14740.0
97.3,2,2,TP. Hồ Chí Minh,Quận 3,CanHo,8763.0
182.4,2,1,Bình Dương,Thành phố Thuận An,NhaO,12077.0
114.9,3,3,Đồng Nai,Huyện Nhơn Trạch,CanHo,3190.0
75.7,1,1,Bình Dương,Thành phố Thủ Dầu Một,CanHo,2908.0
93.5,3,3,Đồng Nai,Thành phố Biên Hòa,CanHo,3676.0
89.1,1,1,Bình Dương,Thành phố Thủ Dầu Một,CanHo,3668.0
225.6,3,2,Hà Nội,Quận Cầu Giấy,NhaO,36501.0
114.3,2,2,TP. Hồ Chí Minh,Gò Vấp,NhaO,7796.0
211.2,4,4,Đồng Nai,Huyện Trảng Bom,NhaO,9942.0
161.9,3,3,TP. Hồ Chí Minh,Quận 1,NhaO,38509.0
59.5,5,3,TP. Hồ Chí Minh,Bình Chánh,NhaO,2710.0
207.9,3,2,Hà Nội,Quận Hà Đông,NhaO,18109.0
53.9,3,3,Bình Dương,Thành phố Thuận An,CanHo,2164.0
234.4,2,1,Đà Nẵng,Quận Hải Châu,NhaO,27317.0
122.5,2,1,Đồng Nai,Huyện Nhơn Trạch,NhaO,5119.0
67.0,2,2,Đồng Nai,Huyện Trảng Bom,CanHo,1375.0
76.3,1,1,Đà Nẵng,Quận Sơn Trà,CanHo,3950.0
58.6,2,2,TP. Hồ Chí Minh,Quận 7,CanHo,3844.0
93.8,2,1,Đà Nẵng,Quận Hải Châu,CanHo,4990.0
83.7,2,2,TP. Hồ Chí Minh,Quận 3,CanHo,8530.0
111.9,3,2,TP. Hồ Chí Minh,Bình Thạnh,CanHo,8533.0
94.6,4,2,Hà Nội,Quận Hai Bà Trưng,NhaO,16621.0
109.1,1,1,Đà Nẵng,Quận Thanh Khê,CanHo,3783.0
89.3,3,1,Đồng Nai,Thành phố Long Khánh,NhaO,4922.0
116.9,2,1,Đồng Nai,Thành phố Long Khánh,CanHo,3060.0
95.6,1,1,Hà Nội,Quận Đống Đa,CanHo,6725.0
113.9,3,2,Bình Dương,Thành phố Thuận An,CanHo,3964.0
185.7,2,1,Đồng Nai,Huyện Long Thành,NhaO,10527.0
141.3,5,4,Bình Dương,Thị xã Bến Cát,NhaO,6266.0
95.3,2,1,TP. Hồ Chí Minh,Bình Chánh,CanHo,2136.0
97.4,3,3,Đồng Nai,Huyện Long Thành,CanHo,3292.0
35.4,5,4,Hà Nội,Quận Hà Đông,NhaO,3804.0
66.5,2,2,Hà Nội,Quận Hoàn Kiếm,CanHo,7165.0
70.2,1,1,Đà Nẵng,Quận Hải Châu,CanHo,3770.0
60.8,3,2,TP. Hồ Chí Minh,Bình Thạnh,NhaO,8459.0
102.9,4,4,Đồng Nai,Huyện Nhơn Trạch,NhaO,5284.0
58.1,1,1,TP. Hồ Chí Minh,Quận 3,CanHo,5217.0
102.0,3,2,Bình Dương,Thị xã Bến Cát,CanHo,2516.0
137.2,2,1,Bình Dương,Thành phố Thuận An,NhaO,9481.0
170.1,5,3,Bình Dương,Thị xã Tân Uyên,NhaO,8768.0
93.6,2,2,Bình Dương,Thị xã Bến Cát,CanHo,1955.0
89.4,2,1,TP. Hồ Chí Minh,Quận 12,CanHo,2821.0
74.1,3,2,Hà Nội,Quận Long Biên,NhaO,8261.0
128.7,4,2,Đà Nẵng,Quận Ngũ Hành Sơn,NhaO,12293.0
46.1,1,1,Hà Nội,Quận Hoàn Kiếm,CanHo,4784.0
93.2,4,2,TP. Hồ Chí Minh,Bình Chánh,NhaO,4391.0
60.2,1,1,Đà Nẵng,Quận Sơn Trà,CanHo,2963.0
127.3,3,1,Hà Nội,Quận Đống Đa,NhaO,21407.0
220.5,2,1,Bình Dương,Thành phố Thủ Dầu Một,NhaO,17813.0
238.8,2,2,Đà Nẵng,Quận Ngũ Hành Sơn,NhaO,22292.0
137.3,3,3,TP. Hồ Chí Minh,Quận 12,NhaO,7784.0
55.1,2,1,Bình Dương,Thị xã Bến Cát,CanHo,1222.0
192.5,2,2,Hà Nội,Quận Long Biên,NhaO,17840.0
96.4,3,3,Hà Nội,Quận Hà Đông,CanHo,4423.0
53.0,1,1,Hà Nội,Quận Đống Đa,CanHo,4289.0
125.6,2,1,TP. Hồ Chí Minh,Bình Thạnh,NhaO,15369.0
86.7,1,1,TP. Hồ Chí Minh,Quận 3,CanHo,7537.0
57.6,3,3,Bình Dương,Thành phố Thủ Dầu Một,CanHo,2482.0
55.6,2,2,Hà Nội,Quận Long Biên,CanHo,2660.0
111.1,3,1,TP. Hồ Chí Minh,Bình Chánh,NhaO,5026.0
60.7,2,2,Hà Nội,Quận Hà Đông,NhaO,5514.0
81.2,3,3,Đồng Nai,Huyện Nhơn Trạch,CanHo,2063.0
102.1,3,2,Đồng Nai,Thành phố Biên Hòa,CanHo,4384.0
102.6,2,1,TP. Hồ Chí Minh,Quận 7,CanHo,6674.0
97.6,5,3,Bình Dương,Thành phố Thuận An,NhaO,7340.0
79.5,1,1,Đồng Nai,Huyện Long Thành,CanHo,2259.0
115.1,1,1,Đồng Nai,Huyện Nhơn Trạch,CanHo,2696.0
95.9,2,2,Đồng Nai,Huyện Nhơn Trạch,CanHo,2402.0
92.3,3,3,TP. Hồ Chí Minh,Quận 7,CanHo,6418.0
96.6,4,3,Hà Nội,Quận Hai Bà Trưng,NhaO,16307.0
119.8,2,1,Đồng Nai,Thành phố Long Khánh,NhaO,6475.0
149.7,2,1,Đà Nẵng,Quận Sơn Trà,NhaO,17393.0
65.0,1,1,Bình Dương,Thành phố Dĩ An,CanHo,2175.0
110.4,1,1,Hà Nội,Quận Đống Đa,CanHo,8648.0
88.1,1,1,TP. Hồ Chí Minh,Gò Vấp,CanHo,3286.0
192.2,2,2,TP. Hồ Chí Minh,Quận 3,NhaO,35639.0
64.0,4,3,TP. Hồ Chí Minh,Quận 1,NhaO,15640.0
79.4,3,2,Đà Nẵng,Quận Liên Chiểu,CanHo,2497.0
105.0,4,2,Đồng Nai,Huyện Trảng Bom,NhaO,4891.0
187.7,2,2,Đồng Nai,Thành phố Biên Hòa,NhaO,15190.0
236.0,5,3,Đồng Nai,Huyện Long Thành,NhaO,17305.0
89.3,2,2,Đồng Nai,Thành phố Biên Hòa,CanHo,3923.0
221.4,5,4,TP. Hồ Chí Minh,Gò Vấp,NhaO,20724.0
96.6,3,3,Hà Nội,Quận Hà Đông,CanHo,4489.0
98.0,2,1,Bình Dương,Thành phố Dĩ An,CanHo,3425.0
204.7,4,4,Đà Nẵng,Quận Thanh Khê,NhaO,22275.0
59.5,1,1,Đồng Nai,Huyện Nhơn Trạch,CanHo,1510.0
229.9,3,3,TP. Hồ Chí Minh,Quận 7,NhaO,25767.0
118.4,3,1,Hà Nội,Quận Đống Đa,NhaO,22408.0
99.8,3,3,Hà Nội,Quận Hai Bà Trưng,CanHo,8554.0
170.3,2,1,TP. Hồ Chí Minh,Quận 3,NhaO,31354.0
114.8,3,3,Đà Nẵng,Quận Liên Chiểu,CanHo,3878.0
127.1,2,2,Hà Nội,Quận Cầu Giấy,NhaO,20038.0
165.7,3,2,Bình Dương,Thành phố Thuận An,NhaO,11839.0
89.2,3,3,TP. Hồ Chí Minh,Gò Vấp,NhaO,7501.0
114.6,3,2,Đồng Nai,Thành phố Biên Hòa,CanHo,5327.0
123.8,5,4,Bình Dương,Thị xã Bến Cát,NhaO,5458.0
209.0,2,1,Đà Nẵng,Quận Ngũ Hành Sơn,NhaO,20107.0
70.9,2,1,TP. Hồ Chí Minh,Gò Vấp,NhaO,5433.0
216.7,4,4,Đà Nẵng,Quận Hải Châu,NhaO,33950.0
103.3,5,5,TP. Hồ Chí Minh,Quận 12,NhaO,6250.0
125.4,5,3,Đà Nẵng,Quận Ngũ Hành Sơn,NhaO,14246.0
227.4,3,2,Bình Dương,Thành phố Dĩ An,NhaO,15248.0
136.1,4,3,TP. Hồ Chí Minh,Quận 7,NhaO,15779.0
101.5,5,3,TP. Hồ Chí Minh,Quận 1,NhaO,26874.0
46.1,1,1,Đà Nẵng,Quận Ngũ Hành Sơn,CanHo,2056.0
142.4,5,5,Hà Nội,Quận Long Biên,NhaO,18536.0
144.3,4,4,Đà Nẵng,Quận Ngũ Hành Sơn,NhaO,16103.0
71.7,1,1,Bình Dương,Thành phố Thuận An,CanHo,2434.0
194.9,5,3,Bình Dương,Thị xã Tân Uyên,NhaO,10402.0
171.6,3,3,Đồng Nai,Thành phố Biên Hòa,NhaO,15524.0
221.3,5,3,Hà Nội,Quận Hoàn Kiếm,NhaO,67634.0
88.5,1,1,Đồng Nai,Huyện Trảng Bom,CanHo,1752.0
96.5,5,4,Bình Dương,Thành phố Dĩ An,NhaO,7345.0
84.8,1,1,TP. Hồ Chí Minh,Quận 3,CanHo,7086.0
81.4,3,3,Hà Nội,Quận Hai Bà Trưng,NhaO,14824.0
55.6,1,1,Hà Nội,Quận Thanh Xuân,CanHo,3108.0
158.4,4,4,Đà Nẵng,Quận Ngũ Hành Sơn,NhaO,17428.0
232.3,3,2,Bình Dương,Thị xã Tân Uyên,NhaO,12266.0
186.6,3,1,TP. Hồ Chí Minh,Quận 3,NhaO,35389.0
112.1,1,1,Bình Dương,Thành phố Thủ Dầu Một,CanHo,3948.0
197.1,2,2,Đồng Nai,Thành phố Long Khánh,NhaO,10321.0
73.0,2,1,Đồng Nai,Huyện Nhơn Trạch,NhaO,3022.0
183.1,5,4,Bình Dương,Thị xã Bến Cát,NhaO,9484.0
111.1,2,1,TP. Hồ Chí Minh,Quận 1,NhaO,25843.0
57.9,3,2,Hà Nội,Quận Đống Đa,NhaO,11000.0
37.5,5,3,Đà Nẵng,Quận Hải Châu,NhaO,5291.0
96.7,2,1,Đà Nẵng,Quận Thanh Khê,CanHo,3603.0
49.8,1,1,Hà Nội,Quận Hoàn Kiếm,CanHo,5045.0
177.1,5,4,Hà Nội,Quận Thanh Xuân,NhaO,27483.0
65.1,4,3,Bình Dương,Thành phố Thủ Dầu Một,NhaO,5300.0
53.8,4,3,Đồng Nai,Thành phố Long Khánh,NhaO,2914.0
47.9,5,3,Bình Dương,Thành phố Thủ Dầu Một,NhaO,4198.0
76.9,1,1,Hà Nội,Quận Cầu Giấy,CanHo,5155.0
124.1,3,1,Bình Dương,Thành phố Thuận An,NhaO,7851.0
232.2,5,3,Hà Nội,Quận Hai Bà Trưng,NhaO,43576.0
112.4,3,2,TP. Hồ Chí Minh,Quận 3,CanHo,10582.0
75.2,3,2,TP. Hồ Chí Minh,Bình Thạnh,CanHo,4964.0
52.5,3,2,Bình Dương,Thị xã Tân Uyên,CanHo,1464.0
150.7,4,2,Bình Dương,Thị xã Tân Uyên,NhaO,7715.0
114.5,1,1,Đà Nẵng,Quận Ngũ Hành Sơn,CanHo,4910.0
67.5,1,1,Đà Nẵng,Quận Sơn Trà,CanHo,3320.0
78.9,3,3,TP. Hồ Chí Minh,Gò Vấp,CanHo,3614.0
54.5,3,3,TP. Hồ Chí Minh,Quận 3,NhaO,11681.0
93.8,1,1,Đồng Nai,Huyện Nhơn Trạch,CanHo,2266.0
118.0,1,1,Bình Dương,Thành phố Thuận An,CanHo,3504.0
114.0,1,1,Hà Nội,Quận Hoàn Kiếm,CanHo,11261.0
52.6,1,1,Hà Nội,Quận Đống Đa,CanHo,4017.0
201.5,3,3,Bình Dương,Thành phố Thuận An,NhaO,13215.0
142.8,5,5,Đà Nẵng,Quận Sơn Trà,NhaO,20324.0
84.3,1,1,Bình Dương,Thị xã Bến Cát,CanHo,1786.0
88.6,3,3,Hà Nội,Quận Long Biên,CanHo,4749.0
163.2,4,3,Đà Nẵng,Quận Ngũ Hành Sơn,NhaO,17880.0
139.6,3,3,Đồng Nai,Huyện Trảng Bom,NhaO,5929.0
49.7,2,1,Đà Nẵng,Quận Ngũ Hành Sơn,NhaO,4786.0
79.0,1,1,Bình Dương,Thị xã Tân Uyên,CanHo,1874.0
108.6,1,1,TP. Hồ Chí Minh,Quận 12,CanHo,2869.0
141.2,5,5,Đồng Nai,Huyện Nhơn Trạch,NhaO,7782.0
75.0,2,1,Đà Nẵng,Quận Thanh Khê,CanHo,2857.0
79.5,3,3,Bình Dương,Thành phố Dĩ An,CanHo,3216.0
183.1,2,1,Hà Nội,Quận Long Biên,NhaO,16867.0
72.9,2,2,Bình Dương,Thị xã Tân Uyên,CanHo,1806.0
214.0,3,3,Bình Dương,Thành phố Dĩ An,NhaO,15061.0
93.0,1,1,Đà Nẵng,Quận Sơn Trà,CanHo,4326.0
82.5,1,1,Đồng Nai,Thành phố Long Khánh,CanHo,2355.0
57.4,3,1,TP. Hồ Chí Minh,Bình Chánh,NhaO,2147.0
49.9,3,3,Bình Dương,Thị xã Tân Uyên,CanHo,1434.0
55.7,2,1,Đà Nẵng,Quận Thanh Khê,NhaO,5138.0
97.7,1,1,Đà Nẵng,Quận Ngũ Hành Sơn,CanHo,3885.0
69.3,2,2,Đồng Nai,Huyện Nhơn Trạch,CanHo,1819.0
82.2,1,1,Hà Nội,Quận Thanh Xuân,CanHo,4193.0
44.5,2,2,Hà Nội,Quận Hai Bà Trưng,NhaO,7470.0
246.2,2,1,Bình Dương,Thành phố Thủ Dầu Một,NhaO,18354.0
70.4,2,1,Đà Nẵng,Quận Liên Chiểu,CanHo,1992.0
83.7,3,2,Bình Dương,Thành phố Thủ Dầu Một,NhaO,6398.0
217.3,2,1,Hà Nội,Quận Hoàn Kiếm,NhaO,54829.0
59.6,1,1,TP. Hồ Chí Minh,Bình Chánh,CanHo,1435.0
40.9,2,1,Bình Dương,Thị xã Bến Cát,NhaO,1685.0
83.2,3,2,Hà Nội,Quận Đống Đa,CanHo,6910.0
51.6,3,2,Đà Nẵng,Quận Sơn Trà,NhaO,5993.0
216.2,2,2,Đồng Nai,Huyện Trảng Bom,NhaO,9062.0
100.8,2,1,Đà Nẵng,Quận Thanh Khê,CanHo,3600.0
158.2,2,1,TP. Hồ Chí Minh,Quận 3,NhaO,29338.0
91.1,2,2,Bình Dương,Thành phố Thủ Dầu Một,CanHo,3934.0
245.2,5,3,Bình Dương,Thành phố Dĩ An,NhaO,18127.0
226.7,4,3,Bình Dương,Thành phố Thuận An,NhaO,18102.0
166.6,5,3,TP. Hồ Chí Minh,Bình Thạnh,NhaO,21203.0
92.8,1,1,TP. Hồ Chí Minh,Bình Chánh,CanHo,2158.0
68.8,2,1,Bình Dương,Thành phố Dĩ An,NhaO,4352.0
40.5,2,2,Đồng Nai,Thành phố Biên Hòa,CanHo,1748.0
62.2,4,2,Đà Nẵng,Quận Sơn Trà,NhaO,8094.0
186.7,2,2,Bình Dương,Thành phố Thủ Dầu Một,NhaO,14491.0
41.0,3,3,TP. Hồ Chí Minh,Quận 3,CanHo,4229.0
47.7,3,2,TP. Hồ Chí Minh,Gò Vấp,CanHo,2191.0
216.7,3,3,Hà Nội,Quận Hai Bà Trưng,NhaO,37003.0
72.1,2,2,Đồng Nai,Huyện Nhơn Trạch,CanHo,1686.0
80.2,2,1,Bình Dương,Thị xã Tân Uyên,CanHo,2098.0
205.2,3,1,Bình Dương,Thành phố Dĩ An,NhaO,15710.0
211.7,2,1,Hà Nội,Quận Cầu Giấy,NhaO,31636.0
124.9,5,5,Đà Nẵng,Quận Sơn Trà,NhaO,16963.0
116.3,5,5,Đồng Nai,Thành phố Long Khánh,NhaO,7831.0
62.0,3,2,Bình Dương,Thành phố Thủ Dầu Một,CanHo,2614.0
102.2,5,4,TP. Hồ Chí Minh,Gò Vấp,NhaO,8383.0
79.0,2,1,Đồng Nai,Thành phố Long Khánh,NhaO,4244.0
77.2,2,2,Bình Dương,Thành phố Thủ Dầu Một,CanHo,3049.0
45.5,5,4,Bình Dương,Thị xã Bến Cát,NhaO,2043.0
101.0,4,2,Đồng Nai,Huyện Long Thành,NhaO,7108.0
147.0,5,4,Bình Dương,Thành phố Thủ Dầu Một,NhaO,12837.0
202.8,3,1,Đà Nẵng,Quận Ngũ Hành Sơn,NhaO,17929.0
161.3,5,3,Hà Nội,Quận Hà Đông,NhaO,15749.0
145.1,5,5,TP. Hồ Chí Minh,Gò Vấp,NhaO,13601.0
77.4,1,1,Hà Nội,Quận Hoàn Kiếm,CanHo,8423.0
51.3,1,1,TP. Hồ Chí Minh,Bình Chánh,CanHo,1135.0
86.9,2,1,Đồng Nai,Thành phố Biên Hòa,CanHo,3568.0
213.5,2,1,Bình Dương,Thành phố Thủ Dầu Một,NhaO,16700.0
136.0,4,3,Hà Nội,Quận Đống Đa,NhaO,23786.0
104.9,3,3,Đà Nẵng,Quận Ngũ Hành Sơn,CanHo,5354.0
203.9,2,1,Đồng Nai,Huyện Trảng Bom,NhaO,7296.0
117.7,1,1,Hà Nội,Quận Cầu Giấy,CanHo,7550.0
114.4,2,1,Hà Nội,Quận Hai Bà Trưng,CanHo,8806.0
119.9,3,2,Đà Nẵng,Quận Hải Châu,CanHo,7294.0
37.9,5,5,Hà Nội,Quận Thanh Xuân,NhaO,5777.0
78.3,5,4,Hà Nội,Quận Đống Đa,NhaO,16774.0
60.9,3,2,Đà Nẵng,Quận Ngũ Hành Sơn,NhaO,5470.0
59.7,3,3,Bình Dương,Thị xã Bến Cát,CanHo,1386.0
40.5,1,1,TP. Hồ Chí Minh,Quận 7,CanHo,2388.0
67.2,1,1,Đà Nẵng,Quận Thanh Khê,CanHo,2608.0
196.5,5,5,Đà Nẵng,Quận Liên Chiểu,NhaO,14797.0
138.8,5,4,Đồng Nai,Thành phố Biên Hòa,NhaO,13918.0
79.7,3,2,Hà Nội,Quận Thanh Xuân,CanHo,5138.0
233.5,2,2,Đà Nẵng,Quận Hải Châu,NhaO,30643.0
73.0,1,1,TP. Hồ Chí Minh,Quận 1,CanHo,7067.0
246.7,5,3,Đồng Nai,Huyện Nhơn Trạch,NhaO,13672.0
137.5,4,3,Đồng Nai,Huyện Trảng Bom,NhaO,5711.0
40.8,1,1,Đồng Nai,Huyện Trảng Bom,CanHo,770.0
60.5,5,3,Đà Nẵng,Quận Sơn Trà,NhaO,7377.0
209.0,4,2,Đà Nẵng,Quận Liên Chiểu,NhaO,15041.0
119.3,2,1,Hà Nội,Quận Hà Đông,CanHo,4844.0
191.2,5,4,TP. Hồ Chí Minh,Quận 7,NhaO,22950.0
66.0,2,1,Bình Dương,Thị xã Bến Cát,CanHo,1621.0
151.1,2,1,Đồng Nai,Thành phố Long Khánh,NhaO,7622.0
49.1,4,3,Bình Dương,Thị xã Tân Uyên,NhaO,2739.0
70.3,4,4,Đồng Nai,Thành phố Biên Hòa,NhaO,5984.0
95.4,1,1,Đồng Nai,Thành phố Biên Hòa,CanHo,3593.0
169.3,3,2,Bình Dương,Thành phố Thủ Dầu Một,NhaO,12200.0
185.4,5,4,Hà Nội,Quận Hai Bà Trưng,NhaO,35931.0
235.8,4,2,Đà Nẵng,Quận Hải Châu,NhaO,34371.0
48.5,3,3,Đà Nẵng,Quận Liên Chiểu,CanHo,1522.0
101.2,3,3,TP. Hồ Chí Minh,Quận 3,CanHo,10522.0
46.7,2,1,Đồng Nai,Huyện Trảng Bom,CanHo,967.0
54.1,1,1,Đồng Nai,Huyện Nhơn Trạch,CanHo,1225.0
53.6,5,3,Bình Dương,Thành phố Thuận An,NhaO,4288.0
248.2,2,2,TP. Hồ Chí Minh,Gò Vấp,NhaO,19996.0
43.9,2,2,TP. Hồ Chí Minh,Gò Vấp,CanHo,1708.0
217.7,2,2,TP. Hồ Chí Minh,Quận 7,NhaO,23234.0
125.2,5,5,Đà Nẵng,Quận Thanh Khê,NhaO,13336.0
172.3,4,2,Đồng Nai,Thành phố Long Khánh,NhaO,9215.0
59.8,3,3,TP. Hồ Chí Minh,Quận 7,CanHo,3716.0
56.0,2,1,Đồng Nai,Thành phố Biên Hòa,NhaO,4442.0
191.9,5,4,Bình Dương,Thị xã Bến Cát,NhaO,9221.0
55.7,2,2,TP. Hồ Chí Minh,Quận 12,CanHo,1769.0
138.1,4,4,Đà Nẵng,Quận Hải Châu,NhaO,18570.0
55.1,3,3,TP. Hồ Chí Minh,Quận 12,NhaO,2776.0
90.6,3,3,Hà Nội,Quận Đống Đa,CanHo,8223.0
66.5,2,1,TP. Hồ Chí Minh,Quận 12,CanHo,1880.0
204.7,3,1,Hà Nội,Quận Long Biên,NhaO,21054.0
103.4,1,1,Đồng Nai,Huyện Long Thành,CanHo,3371.0
53.9,1,1,Đồng Nai,Huyện Long Thành,CanHo,1498.0
71.0,3,3,Đồng Nai,Thành phố Long Khánh,CanHo,2326.0
162.4,3,3,TP. Hồ Chí Minh,Quận 1,NhaO,43839.0
101.9,2,1,TP. Hồ Chí Minh,Quận 12,CanHo,2782.0
101.9,5,4,TP. Hồ Chí Minh,Quận 12,NhaO,6908.0
43.5,5,3,Bình Dương,Thị xã Bến Cát,NhaO,2190.0
98.9,2,1,Đồng Nai,Thành phố Long Khánh,CanHo,2849.0
52.5,5,3,Đồng Nai,Thành phố Long Khánh,NhaO,3377.0
107.8,2,2,Bình Dương,Thị xã Bến Cát,CanHo,2625.0
152.8,4,3,TP. Hồ Chí Minh,Quận 12,NhaO,8770.0
49.2,2,1,Đồng Nai,Huyện Long Thành,CanHo,1636.0
113.2,2,1,Đồng Nai,Thành phố Long Khánh,CanHo,3115.0
153.4,5,3,Hà Nội,Quận Hoàn Kiếm,NhaO,48767.0
227.1,5,5,Bình Dương,Thành phố Thủ Dầu Một,NhaO,19672.0
106.1,3,2,Đà Nẵng,Quận Sơn Trà,CanHo,5612.0
41.4,5,3,Bình Dương,Thị xã Tân Uyên,NhaO,2400.0
83.3,2,1,TP. Hồ Chí Minh,Quận 12,CanHo,2579.0
67.0,3,1,Hà Nội,Quận Hai Bà Trưng,NhaO,10391.0
189.3,5,5,Bình Dương,Thành phố Thuận An,NhaO,16728.0
122.3,4,4,Đồng Nai,Huyện Nhơn Trạch,NhaO,6691.0
112.6,2,1,Đà Nẵng,Quận Ngũ Hành Sơn,CanHo,5328.0
69.5,5,4,TP. Hồ Chí Minh,Bình Thạnh,NhaO,9566.0
87.8,1,1,Hà Nội,Quận Hoàn Kiếm,CanHo,9738.0
69.7,3,3,TP. Hồ Chí Minh,Bình Chánh,CanHo,1873.0
81.7,2,2,Đà Nẵng,Quận Hải Châu,CanHo,4508.0
42.2,3,3,TP. Hồ Chí Minh,Quận 7,NhaO,4882.0
93.6,3,3,TP. Hồ Chí Minh,Bình Chánh,NhaO,3778.0
68.1,2,1,TP. Hồ Chí Minh,Quận 3,CanHo,5988.0
44.1,4,2,TP. Hồ Chí Minh,Bình Thạnh,NhaO,6076.0
146.4,3,3,TP. Hồ Chí Minh,Quận 12,NhaO,7522.0
168.3,3,3,Đồng Nai,Huyện Trảng Bom,NhaO,7032.0
83.5,1,1,Đồng Nai,Huyện Long Thành,CanHo,2562.0
45.4,1,1,Hà Nội,Quận Hà Đông,CanHo,1815.0
108.8,1,1,Hà Nội,Quận Đống Đa,CanHo,8102.0
100.9,5,3,TP. Hồ Chí Minh,Quận 1,NhaO,29104.0
141.5,5,3,Bình Dương,Thị xã Tân Uyên,NhaO,7374.0
61.6,2,1,Hà Nội,Quận Thanh Xuân,CanHo,3581.0
163.7,3,1,Đồng Nai,Thành phố Biên Hòa,NhaO,13078.0
154.4,5,3,Đà Nẵng,Quận Ngũ Hành Sơn,NhaO,16125.0
230.2,2,2,TP. Hồ Chí Minh,Bình Chánh,NhaO,8804.0
61.1,1,1,Bình Dương,Thành phố Thuận An,CanHo,1804.0
107.2,2,2,TP. Hồ Chí Minh,Quận 1,CanHo,11585.0
47.7,2,1,TP. Hồ Chí Minh,Quận 12,NhaO,2666.0
149.6,5,5,Bình Dương,Thị xã Tân Uyên,NhaO,8274.0
46.9,2,1,Bình Dương,Thị xã Bến Cát,CanHo,997.0
97.8,2,1,Đồng Nai,Huyện Trảng Bom,CanHo,1812.0
73.4,2,2,Hà Nội,Quận Hoàn Kiếm,CanHo,8568.0
126.4,3,3,Hà Nội,Quận Long Biên,NhaO,13192.0
129.5,3,2,Bình Dương,Thị xã Bến Cát,NhaO,6023.0
212.8,4,4,Hà Nội,Quận Cầu Giấy,NhaO,39726.0
161.7,3,3,Bình Dương,Thị xã Bến Cát,NhaO,7056.0
147.0,3,2,Đà Nẵng,Quận Sơn Trà,NhaO,15313.0
43.5,2,1,Đồng Nai,Huyện Trảng Bom,CanHo,881.0
207.9,5,3,Đồng Nai,Thành phố Long Khánh,NhaO,12545.0
161.6,3,3,Bình Dương,Thị xã Bến Cát,NhaO,6907.0
80.9,5,3,Bình Dương,Thị xã Tân Uyên,NhaO,4244.0
60.0,2,2,TP. Hồ Chí Minh,Quận 12,CanHo,1972.0
238.1,4,3,Hà Nội,Quận Cầu Giấy,NhaO,47005.0
145.2,3,3,TP. Hồ Chí Minh,Quận 1,NhaO,33644.0
84.2,1,1,Đà Nẵng,Quận Ngũ Hành Sơn,CanHo,3722.0
136.9,4,4,Bình Dương,Thành phố Dĩ An,NhaO,11722.0
74.2,5,3,Bình Dương,Thành phố Dĩ An,NhaO,5990.0
91.2,1,1,Hà Nội,Quận Hoàn Kiếm,CanHo,9556.0
81.5,1,1,Hà Nội,Quận Cầu Giấy,CanHo,5580.0
100.8,2,2,Hà Nội,Quận Hoàn Kiếm,CanHo,10630.0
116.3,5,5,Bình Dương,Thành phố Thuận An,NhaO,9909.0
133.7,4,4,Đồng Nai,Huyện Long Thành,NhaO,9272.0
207.7,2,1,Đà Nẵng,Quận Thanh Khê,NhaO,18392.0
70.2,3,3,TP. Hồ Chí Minh,Bình Chánh,CanHo,1806.0
59.0,1,1,Đồng Nai,Huyện Long Thành,CanHo,1925.0
82.1,2,1,Hà Nội,Quận Hoàn Kiếm,NhaO,20444.0
134.5,4,4,Đà Nẵng,Quận Liên Chiểu,NhaO,9073.0
81.7,2,2,Bình Dương,Thị xã Tân Uyên,CanHo,2167.0
53.8,1,1,Bình Dương,Thị xã Bến Cát,CanHo,1149.0
142.0,5,3,TP. Hồ Chí Minh,Quận 1,NhaO,41085.0
56.7,3,2,Đà Nẵng,Quận Sơn Trà,CanHo,3079.0
119.1,1,1,Bình Dương,Thành phố Thủ Dầu Một,CanHo,4625.0
54.5,3,2,Hà Nội,Quận Cầu Giấy,NhaO,8771.0
76.0,2,1,TP. Hồ Chí Minh,Bình Chánh,CanHo,1736.0
199.9,4,2,Đồng Nai,Thành phố Long Khánh,NhaO,11781.0
130.5,4,2,TP. Hồ Chí Minh,Bình Thạnh,NhaO,17612.0
83.9,1,1,TP. Hồ Chí Minh,Quận 7,CanHo,5000.0
52.0,3,2,TP. Hồ Chí Minh,Quận 3,NhaO,10648.0
46.8,3,2,Hà Nội,Quận Thanh Xuân,CanHo,2675.0
53.8,3,1,Đà Nẵng,Quận Ngũ Hành Sơn,NhaO,5369.0
60.2,1,1,Đồng Nai,Huyện Long Thành,CanHo,1823.0
111.6,3,1,Đà Nẵng,Quận Liên Chiểu,NhaO,6582.0
244.6,4,4,TP. Hồ Chí Minh,Gò Vấp,NhaO,20686.0
97.6,2,2,Bình Dương,Thành phố Dĩ An,CanHo,3906.0
178.6,2,1,Bình Dương,Thành phố Thủ Dầu Một,NhaO,12363.0
160.1,5,5,Bình Dương,Thành phố Thuận An,NhaO,13180.0
88.0,3,3,TP. Hồ Chí Minh,Quận 7,CanHo,5434.0
60.3,2,2,Đồng Nai,Thành phố Long Khánh,CanHo,1579.0
242.9,2,1,Bình Dương,Thị xã Bến Cát,NhaO,8790.0
101.9,1,1,Đà Nẵng,Quận Ngũ Hành Sơn,CanHo,4697.0
109.4,2,1,Hà Nội,Quận Hà Đông,CanHo,3984.0
100.1,5,5,Hà Nội,Quận Hai Bà Trưng,NhaO,21431.0
118.4,2,1,Đồng Nai,Thành phố Biên Hòa,NhaO,10285.0
81.5,1,1,Đồng Nai,Huyện Trảng Bom,CanHo,1655.0
141.8,2,1,TP. Hồ Chí Minh,Gò Vấp,NhaO,11438.0
106.2,1,1,Hà Nội,Quận Long Biên,CanHo,4877.0
84.8,4,3,Bình Dương,Thành phố Thuận An,NhaO,5960.0
59.8,1,1,Đồng Nai,Huyện Long Thành,CanHo,1800.0
134.2,5,5,Đồng Nai,Thành phố Long Khánh,NhaO,8734.0
219.2,2,2,Đà Nẵng,Quận Sơn Trà,NhaO,22249.0
217.9,2,1,Đà Nẵng,Quận Sơn Trà,NhaO,21860.0
178.3,2,2,Đà Nẵng,Quận Ngũ Hành Sơn,NhaO,17544.0
74.2,4,3,Hà Nội,Quận Đống Đa,NhaO,15319.0
50.1,1,1,Bình Dương,Thành phố Thủ Dầu Một,CanHo,1895.0
202.7,4,2,Đà Nẵng,Quận Hải Châu,NhaO,30399.0
95.1,3,2,Hà Nội,Quận Hai Bà Trưng,NhaO,16481.0
131.7,4,4,Hà Nội,Quận Hà Đông,NhaO,13769.0
48.6,1,1,Hà Nội,Quận Hai Bà Trưng,CanHo,3293.0
211.0,4,2,Bình Dương,Thành phố Dĩ An,NhaO,14451.0
100.4,1,1,Bình Dương,Thành phố Thủ Dầu Một,CanHo,4148.0
87.8,1,1,Đồng Nai,Huyện Nhơn Trạch,CanHo,1935.0
244.6,5,3,Đà Nẵng,Quận Sơn Trà,NhaO,28927.0
118.6,1,1,Đồng Nai,Thành phố Long Khánh,CanHo,3104.0
80.2,2,1,Bình Dương,Thành phố Dĩ An,CanHo,2881.0
227.4,5,4,Đà Nẵng,Quận Ngũ Hành Sơn,NhaO,26581.0
116.6,3,3,Bình Dương,Thành phố Dĩ An,CanHo,4254.0
65.0,3,3,Hà Nội,Quận Long Biên,CanHo,3530.0
62.1,5,5,Hà Nội,Quận Thanh Xuân,NhaO,9519.0
110.7,1,1,TP. Hồ Chí Minh,Gò Vấp,CanHo,4123.0
74.6,1,1,Hà Nội,Quận Đống Đa,CanHo,5749.0
48.0,1,1,Hà Nội,Quận Hoàn Kiếm,CanHo,5220.0
137.7,2,1,Đồng Nai,Thành phố Long Khánh,NhaO,6549.0
165.8,3,3,TP. Hồ Chí Minh,Bình Chánh,NhaO,7209.0
177.6,4,2,Đà Nẵng,Quận Liên Chiểu,NhaO,12030.0
94.3,3,3,Đồng Nai,Thành phố Long Khánh,CanHo,2953.0
67.5,1,1,Hà Nội,Quận Hai Bà Trưng,CanHo,5224.0
131.5,2,1,Đà Nẵng,Quận Thanh Khê,NhaO,11309.0
83.8,5,3,Đồng Nai,Thành phố Long Khánh,NhaO,5380.0
61.8,1,1,Đồng Nai,Huyện Trảng Bom,CanHo,1312.0
142.9,5,5,Đồng Nai,Huyện Trảng Bom,NhaO,7692.0
66.6,3,2,Đồng Nai,Huyện Nhơn Trạch,CanHo,1858.0
55.2,3,1,Bình Dương,Thành phố Dĩ An,NhaO,3660.0
69.3,2,2,TP. Hồ Chí Minh,Quận 12,CanHo,1922.0
109.3,4,4,Hà Nội,Quận Hoàn Kiếm,NhaO,30545.0
75.3,1,1,Đồng Nai,Huyện Long Thành,CanHo,2359.0
53.6,1,1,Đồng Nai,Thành phố Biên Hòa,CanHo,2193.0
83.1,3,2,Đà Nẵng,Quận Sơn Trà,CanHo,4763.0
126.9,2,1,Đồng Nai,Huyện Nhơn Trạch,NhaO,5203.0
155.3,4,4,TP. Hồ Chí Minh,Quận 1,NhaO,42231.0
211.2,4,2,TP. Hồ Chí Minh,Bình Chánh,NhaO,9656.0
129.8,5,5,TP. Hồ Chí Minh,Quận 7,NhaO,18450.0
168.3,4,2,Đồng Nai,Huyện Nhơn Trạch,NhaO,7896.0
177.8,4,3,Đồng Nai,Thành phố Biên Hòa,NhaO,15019.0
93.9,1,1,Hà Nội,Quận Hà Đông,CanHo,3410.0
118.1,2,1,Đà Nẵng,Quận Sơn Trà,CanHo,5848.0
108.4,4,3,Đà Nẵng,Quận Thanh Khê,NhaO,10382.0
47.3,2,1,TP. Hồ Chí Minh,Quận 7,CanHo,2843.0
99.2,2,2,Hà Nội,Quận Long Biên,CanHo,4429.0
70.4,2,2,Đà Nẵng,Quận Hải Châu,NhaO,8645.0
76.1,1,1,Hà Nội,Quận Long Biên,CanHo,3221.0
92.5,2,1,Đà Nẵng,Quận Sơn Trà,CanHo,4873.0
55.8,1,1,Đồng Nai,Huyện Nhơn Trạch,CanHo,1237.0
109.4,2,1,TP. Hồ Chí Minh,Quận 1,CanHo,10920.0
161.7,4,2,Bình Dương,Thành phố Dĩ An,NhaO,11212.0
49.7,2,2,Đồng Nai,Huyện Nhơn Trạch,NhaO,2312.0
44.0,1,1,Hà Nội,Quận Hà Đông,CanHo,1722.0
244.1,3,2,Đà Nẵng,Quận Hải Châu,NhaO,30494.0
139.1,5,3,Đồng Nai,Thành phố Biên Hòa,NhaO,13806.0
85.6,2,1,Đồng Nai,Huyện Trảng Bom,CanHo,1912.0
182.4,4,2,Hà Nội,Quận Hoàn Kiếm,NhaO,53757.0
110.2,2,2,Đồng Nai,Thành phố Biên Hòa,CanHo,4263.0
37.8,3,3,Đà Nẵng,Quận Ngũ Hành Sơn,NhaO,3512.0
51.4,2,2,Đà Nẵng,Quận Sơn Trà,CanHo,2638.0
108.6,1,1,Đà Nẵng,Quận Thanh Khê,CanHo,4225.0
230.0,4,2,Hà Nội,Quận Hoàn Kiếm,NhaO,64648.0
73.2,4,4,TP. Hồ Chí Minh,Bình Chánh,NhaO,3460.0
63.0,3,2,TP. Hồ Chí Minh,Bình Chánh,CanHo,1829.0
103.5,2,2,Bình Dương,Thành phố Dĩ An,CanHo,4108.0
41.9,3,3,Đồng Nai,Huyện Long Thành,NhaO,2949.0
109.3,3,3,Đồng Nai,Thành phố Biên Hòa,NhaO,9888.0
210.7,4,3,Bình Dương,Thành phố Thủ Dầu Một,NhaO,16173.0
47.9,2,1,Hà Nội,Quận Cầu Giấy,CanHo,3437.0
53.6,2,2,Đồng Nai,Thành phố Biên Hòa,CanHo,2102.0
117.6,1,1,Bình Dương,Thị xã Bến Cát,CanHo,2616.0
102.3,4,4,TP. Hồ Chí Minh,Quận 3,NhaO,23352.0
58.0,3,2,TP. Hồ Chí Minh,Quận 3,CanHo,5819.0
94.3,3,2,Đà Nẵng,Quận Ngũ Hành Sơn,NhaO,10012.0
85.2,1,1,Đà Nẵng,Quận Ngũ Hành Sơn,CanHo,3862.0
146.5,5,3,TP. Hồ Chí Minh,Quận 3,NhaO,32162.0
64.3,2,2,TP. Hồ Chí Minh,Quận 12,CanHo,1880.0
109.8,2,1,Đồng Nai,Huyện Nhơn Trạch,CanHo,2831.0
65.7,3,3,Đồng Nai,Huyện Trảng Bom,CanHo,1451.0
104.5,3,3,Đà Nẵng,Quận Liên Chiểu,CanHo,3376.0
232.8,5,3,Đà Nẵng,Quận Liên Chiểu,NhaO,15842.0
89.8,3,3,Đà Nẵng,Quận Thanh Khê,CanHo,3991.0
56.4,2,1,Hà Nội,Quận Thanh Xuân,CanHo,3319.0
93.0,2,1,Bình Dương,Thành phố Thủ Dầu Một,CanHo,3475.0
122.0,4,2,Đà Nẵng,Quận Sơn Trà,NhaO,15430.0
116.8,2,2,Hà Nội,Quận Cầu Giấy,CanHo,7957.0
126.1,3,3,TP. Hồ Chí Minh,Bình Chánh,NhaO,5496.0
44.8,2,2,Hà Nội,Quận Hoàn Kiếm,CanHo,5015.0
57.5,3,1,Bình Dương,Thành phố Thủ Dầu Một,NhaO,4380.0
225.0,4,2,TP. Hồ Chí Minh,Quận 12,NhaO,12097.0
114.1,1,1,Đồng Nai,Thành phố Long Khánh,CanHo,3346.0
55.9,1,1,Đà Nẵng,Quận Thanh Khê,CanHo,2302.0
102.8,2,1,Đà Nẵng,Quận Ngũ Hành Sơn,CanHo,4439.0
119.7,2,2,Đồng Nai,Huyện Nhơn Trạch,CanHo,3275.0
55.7,1,1,TP. Hồ Chí Minh,Quận 3,CanHo,4818.0
40.3,3,3,Đồng Nai,Thành phố Biên Hòa,CanHo,1756.0
49.3,2,2,Bình Dương,Thành phố Dĩ An,CanHo,1972.0
174.6,3,1,Đà Nẵng,Quận Hải Châu,NhaO,23901.0
93.3,3,2,Đà Nẵng,Quận Liên Chiểu,CanHo,2897.0
92.6,2,2,Đồng Nai,Huyện Nhơn Trạch,CanHo,2248.0
117.6,1,1,Bình Dương,Thành phố Dĩ An,CanHo,3696.0
68.3,4,3,Đà Nẵng,Quận Sơn Trà,NhaO,8373.0
51.6,3,3,Bình Dương,Thị xã Bến Cát,CanHo,1355.0
68.2,3,3,Đà Nẵng,Quận Thanh Khê,CanHo,2704.0
67.5,1,1,Bình Dương,Thành phố Dĩ An,CanHo,2308.0
75.9,1,1,Hà Nội,Quận Long Biên,CanHo,3361.0
175.5,4,4,TP. Hồ Chí Minh,Gò Vấp,NhaO,13953.0
58.4,1,1,TP. Hồ Chí Minh,Quận 7,CanHo,3495.0
219.9,5,4,Hà Nội,Quận Cầu Giấy,NhaO,40143.0
48.4,5,4,Bình Dương,Thị xã Tân Uyên,NhaO,2553.0
241.1,3,3,Bình Dương,Thành phố Thuận An,NhaO,17974.0
89.3,3,1,Đà Nẵng,Quận Sơn Trà,NhaO,10040.0
103.9,1,1,TP. Hồ Chí Minh,Bình Thạnh,CanHo,6566.0
69.3,1,1,Đồng Nai,Huyện Long Thành,CanHo,2158.0
66.9,2,1,Hà Nội,Quận Hai Bà Trưng,NhaO,12012.0
206.0,2,1,Bình Dương,Thành phố Thủ Dầu Một,NhaO,16050.0
137.9,3,1,Đà Nẵng,Quận Liên Chiểu,NhaO,8369.0
60.3,4,2,Đồng Nai,Huyện Long Thành,NhaO,4266.0
52.6,1,1,TP. Hồ Chí Minh,Quận 12,CanHo,1470.0
95.7,1,1,Đà Nẵng,Quận Hải Châu,CanHo,5413.0
122.0,3,1,Hà Nội,Quận Đống Đa,NhaO,20413.0
164.0,2,1,Đồng Nai,Huyện Nhơn Trạch,NhaO,8142.0
77.5,3,1,Hà Nội,Quận Cầu Giấy,NhaO,11965.0
162.0,5,3,TP. Hồ Chí Minh,Gò Vấp,NhaO,14492.0
105.2,2,2,Bình Dương,Thành phố Dĩ An,CanHo,4056.0
118.6,3,2,Bình Dương,Thành phố Thuận An,CanHo,4006.0
106.3,2,1,Hà Nội,Quận Hai Bà Trưng,NhaO,16555.0
111.0,3,3,Bình Dương,Thành phố Thuận An,CanHo,3925.0
58.7,1,1,Đồng Nai,Huyện Long Thành,CanHo,1894.0
135.5,4,3,Bình Dương,Thành phố Thủ Dầu Một,NhaO,11616.0
184.1,5,4,TP. Hồ Chí Minh,Quận 7,NhaO,21685.0
99.9,1,1,Hà Nội,Quận Long Biên,CanHo,4578.0
48.4,4,3,TP. Hồ Chí Minh,Quận 3,NhaO,10710.0
71.2,5,3,Đồng Nai,Thành phố Long Khánh,NhaO,4388.0
83.6,1,1,Đồng Nai,Huyện Trảng Bom,CanHo,1664.0
109.5,2,1,Bình Dương,Thành phố Dĩ An,NhaO,6853.0
51.3,2,2,Đà Nẵng,Quận Sơn Trà,CanHo,2455.0
87.7,2,2,Đà Nẵng,Quận Ngũ Hành Sơn,CanHo,3792.0
135.1,4,2,Đà Nẵng,Quận Sơn Trà,NhaO,15623.0
79.6,2,2,Bình Dương,Thành phố Thuận An,CanHo,2703.0
103.3,1,1,Đà Nẵng,Quận Thanh Khê,CanHo,3949.0
42.3,3,2,Đồng Nai,Huyện Nhơn Trạch,CanHo,1167.0
53.5,1,1,Hà Nội,Quận Cầu Giấy,CanHo,3525.0
100.3,2,2,Đồng Nai,Thành phố Biên Hòa,CanHo,4354.0
92.3,1,1,Bình Dương,Thành phố Thuận An,CanHo,3195.0
93.3,3,2,TP. Hồ Chí Minh,Quận 1,NhaO,21210.0
130.6,5,3,Hà Nội,Quận Đống Đa,NhaO,25683.0
109.0,5,4,Bình Dương,Thị xã Bến Cát,NhaO,5028.0
36.7,3,2,Đồng Nai,Huyện Nhơn Trạch,NhaO,1804.0
218.6,5,5,Đồng Nai,Thành phố Long Khánh,NhaO,14263.0
131.8,5,4,Hà Nội,Quận Hai Bà Trưng,NhaO,26394.0
90.8,2,2,Đồng Nai,Huyện Trảng Bom,CanHo,1829.0
140.5,2,1,TP. Hồ Chí Minh,Gò Vấp,NhaO,11016.0
112.5,3,3,Bình Dương,Thị xã Bến Cát,CanHo,2540.0
104.9,3,2,TP. Hồ Chí Minh,Bình Chánh,CanHo,2740.0
99.7,3,3,TP. Hồ Chí Minh,Bình Thạnh,NhaO,13388.0
78.2,1,1,Bình Dương,Thành phố Dĩ An,CanHo,2577.0
55.7,2,2,Bình Dương,Thị xã Tân Uyên,CanHo,1334.0
100.1,3,1,Hà Nội,Quận Thanh Xuân,NhaO,13352.0
109.9,3,2,Đà Nẵng,Quận Liên Chiểu,CanHo,3634.0
63.3,3,3,Hà Nội,Quận Hai Bà Trưng,CanHo,4904.0
114.8,2,1,TP. Hồ Chí Minh,Quận 7,CanHo,7572.0
64.3,5,3,Bình Dương,Thành phố Thuận An,NhaO,5385.0
44.6,1,1,Bình Dương,Thị xã Tân Uyên,CanHo,999.0
219.2,3,1,Đà Nẵng,Quận Ngũ Hành Sơn,NhaO,19127.0
114.9,5,5,Đồng Nai,Huyện Nhơn Trạch,NhaO,6926.0
78.4,2,2,Đà Nẵng,Quận Thanh Khê,CanHo,3084.0
155.6,4,3,Hà Nội,Quận Cầu Giấy,NhaO,25541.0
49.0,3,2,Bình Dương,Thị xã Tân Uyên,CanHo,1365.0
235.4,4,2,Hà Nội,Quận Long Biên,NhaO,25312.0
50.2,3,2,Bình Dương,Thành phố Thuận An,CanHo,1723.0
65.4,3,3,Đà Nẵng,Quận Liên Chiểu,CanHo,2200.0
249.0,5,3,Bình Dương,Thị xã Tân Uyên,NhaO,13360.0
53.4,3,3,Hà Nội,Quận Đống Đa,CanHo,4865.0
204.7,3,3,TP. Hồ Chí Minh,Quận 1,NhaO,49727.0
50.7,1,1,Bình Dương,Thành phố Thủ Dầu Một,CanHo,2094.0
200.9,2,2,TP. Hồ Chí Minh,Quận 3,NhaO,35529.0
204.0,2,1,Đồng Nai,Huyện Long Thành,NhaO,13660.0
52.7,3,2,Đồng Nai,Thành phố Biên Hòa,CanHo,2417.0
114.6,1,1,Đồng Nai,Thành phố Long Khánh,CanHo,3281.0
37.2,2,2,Hà Nội,Quận Thanh Xuân,NhaO,4645.0
35.7,4,2,Bình Dương,Thành phố Dĩ An,NhaO,2768.0
205.8,3,2,Hà Nội,Quận Hà Đông,NhaO,17011.0
181.0,4,4,Đồng Nai,Thành phố Long Khánh,NhaO,10512.0
125.7,5,3,Hà Nội,Quận Hà Đông,NhaO,13428.0
102.1,1,1,TP. Hồ Chí Minh,Gò Vấp,CanHo,4129.0
74.1,3,2,TP. Hồ Chí Minh,Quận 12,NhaO,4087.0
66.2,1,1,Bình Dương,Thị xã Bến Cát,CanHo,1290.0
217.8,3,1,Đà Nẵng,Quận Thanh Khê,NhaO,18645.0
75.5,2,2,Hà Nội,Quận Cầu Giấy,CanHo,5473.0
226.2,2,1,Đà Nẵng,Quận Thanh Khê,NhaO,19788.0
112.4,2,2,Đồng Nai,Huyện Trảng Bom,CanHo,2552.0
244.1,5,4,Đồng Nai,Thành phố Long Khánh,NhaO,14797.0
101.6,5,3,Bình Dương,Thành phố Thủ Dầu Một,NhaO,9507.0
111.5,5,3,Hà Nội,Quận Cầu Giấy,NhaO,19105.0
242.0,2,2,Hà Nội,Quận Cầu Giấy,NhaO,39304.0
45.2,2,1,Hà Nội,Quận Hà Đông,CanHo,1904.0
90.4,4,4,Hà Nội,Quận Long Biên,NhaO,10465.0
189.0,5,5,Đồng Nai,Thành phố Long Khánh,NhaO,11910.0
220.8,4,2,Đà Nẵng,Quận Thanh Khê,NhaO,19371.0
202.3,2,2,Đồng Nai,Thành phố Biên Hòa,NhaO,17191.0
211.8,3,1,Đồng Nai,Thành phố Long Khánh,NhaO,12065.0
248.9,3,1,Đồng Nai,Thành phố Biên Hòa,NhaO,18889.0
50.9,1,1,Đồng Nai,Huyện Long Thành,CanHo,1494.0
66.3,3,3,Đà Nẵng,Quận Ngũ Hành Sơn,CanHo,3121.0
119.3,3,2,Hà Nội,Quận Cầu Giấy,CanHo,8946.0
203.9,3,2,Đồng Nai,Huyện Nhơn Trạch,NhaO,10201.0
173.3,4,2,Đà Nẵng,Quận Liên Chiểu,NhaO,11188.0
79.4,3,3,TP. Hồ Chí Minh,Quận 7,CanHo,5390.0
65.5,2,2,Đồng Nai,Huyện Nhơn Trạch,CanHo,1513.0
41.4,3,2,Bình Dương,Thành phố Dĩ An,CanHo,1517.0
47.2,5,5,TP. Hồ Chí Minh,Bình Thạnh,NhaO,7503.0
80.2,1,1,Đà Nẵng,Quận Ngũ Hành Sơn,CanHo,3441.0
148.9,3,1,Đà Nẵng,Quận Hải Châu,NhaO,17953.0
139.4,3,1,Đà Nẵng,Quận Sơn Trà,NhaO,16577.0
85.8,2,1,Hà Nội,Quận Hoàn Kiếm,CanHo,8567.0
95.3,3,2,Đà Nẵng,Quận Thanh Khê,CanHo,4154.0
56.4,3,3,TP. Hồ Chí Minh,Quận 12,NhaO,3393.0
81.2,2,1,Bình Dương,Thành phố Thủ Dầu Một,NhaO,5989.0
69.8,2,2,Hà Nội,Quận Hoàn Kiếm,CanHo,7325.0
184.9,3,1,Đồng Nai,Huyện Trảng Bom,NhaO,8330.0
100.6,3,2,Đồng Nai,Thành phố Long Khánh,CanHo,2749.0
60.3,3,3,Đồng Nai,Thành phố Biên Hòa,CanHo,2489.0
208.8,5,3,Đà Nẵng,Quận Hải Châu,NhaO,31581.0
77.5,1,1,Bình Dương,Thị xã Bến Cát,CanHo,1716.0
61.4,3,2,Đồng Nai,Thành phố Long Khánh,CanHo,1999.0
169.4,2,1,Đà Nẵng,Quận Liên Chiểu,NhaO,9635.0
165.0,2,2,Bình Dương,Thành phố Dĩ An,NhaO,10448.0
239.4,3,1,TP. Hồ Chí Minh,Quận 1,NhaO,59198.0
54.4,1,1,Bình Dương,Thành phố Dĩ An,CanHo,2012.0
46.7,1,1,Đà Nẵng,Quận Thanh Khê,CanHo,1805.0
167.4,2,1,Đồng Nai,Huyện Nhơn Trạch,NhaO,7868.0
199.3,4,4,Hà Nội,Quận Cầu Giấy,NhaO,39331.0
45.6,3,3,Bình Dương,Thị xã Tân Uyên,CanHo,1230.0
59.6,2,2,Đồng Nai,Thành phố Long Khánh,CanHo,1761.0
180.9,4,4,Bình Dương,Thành phố Thuận An,NhaO,12985.0
68.5,1,1,Bình Dương,Thành phố Thủ Dầu Một,CanHo,2758.0
217.8,2,1,TP. Hồ Chí Minh,Quận 7,NhaO,24804.0
159.0,2,1,Bình Dương,Thị xã Bến Cát,NhaO,6469.0
36.4,3,2,TP. Hồ Chí Minh,Gò Vấp,NhaO,2815.0
137.3,5,4,Hà Nội,Quận Đống Đa,NhaO,26218.0
80.0,2,2,Bình Dương,Thị xã Tân Uyên,CanHo,2138.0
187.2,2,1,Hà Nội,Quận Hai Bà Trưng,NhaO,27853.0
244.6,3,2,Đồng Nai,Thành phố Biên Hòa,NhaO,20326.0
55.1,2,1,Bình Dương,Thị xã Tân Uyên,NhaO,2616.0
81.6,3,2,Đồng Nai,Huyện Long Thành,CanHo,2577.0
43.5,3,2,Bình Dương,Thành phố Thủ Dầu Một,NhaO,3580.0
144.2,5,3,Hà Nội,Quận Cầu Giấy,NhaO,29072.0
84.4,5,5,Đà Nẵng,Quận Thanh Khê,NhaO,9619.0
67.5,1,1,Đồng Nai,Thành phố Long Khánh,CanHo,1669.0
78.7,3,3,Đồng Nai,Huyện Nhơn Trạch,CanHo,2175.0
90.9,4,3,Hà Nội,Quận Long Biên,NhaO,10168.0
188.1,4,2,TP. Hồ Chí Minh,Gò Vấp,NhaO,16442.0
74.0,3,2,Đồng Nai,Thành phố Long Khánh,CanHo,2037.0
164.5,3,2,Bình Dương,Thị xã Bến Cát,NhaO,7603.0
157.8,5,5,Bình Dương,Thành phố Dĩ An,NhaO,12620.0
76.9,1,1,TP. Hồ Chí Minh,Quận 3,CanHo,6563.0
104.9,1,1,Đồng Nai,Thành phố Biên Hòa,CanHo,4098.0
91.1,3,3,Bình Dương,Thành phố Thuận An,CanHo,3325.0
55.2,1,1,Đồng Nai,Thành phố Long Khánh,CanHo,1546.0
206.6,4,3,TP. Hồ Chí Minh,Gò Vấp,NhaO,17882.0
120.6,2,1,Hà Nội,Quận Thanh Xuân,NhaO,15828.0
104.3,2,1,Đà Nẵng,Quận Ngũ Hành Sơn,CanHo,4881.0
85.1,2,1,Hà Nội,Quận Hai Bà Trưng,CanHo,6265.0
198.5,3,3,TP. Hồ Chí Minh,Quận 1,NhaO,50066.0
107.3,3,3,Bình Dương,Thị xã Bến Cát,CanHo,2514.0
50.4,3,3,Hà Nội,Quận Hoàn Kiếm,CanHo,6277.0
54.1,1,1,TP. Hồ Chí Minh,Quận 1,CanHo,5435.0
76.3,2,2,Bình Dương,Thành phố Thuận An,CanHo,2471.0
61.1,2,1,Bình Dương,Thành phố Thủ Dầu Một,NhaO,4425.0
64.7,5,3,Bình Dương,Thị xã Tân Uyên,NhaO,3204.0
79.9,2,2,Hà Nội,Quận Hai Bà Trưng,NhaO,13758.0
247.9,2,1,Bình Dương,Thành phố Thủ Dầu Một,NhaO,16561.0
66.5,3,3,Hà Nội,Quận Hà Đông,NhaO,6340.0
208.9,3,2,Bình Dương,Thành phố Thuận An,NhaO,14777.0
104.4,2,2,Bình Dương,Thành phố Thủ Dầu Một,CanHo,4432.0
97.2,5,3,TP. Hồ Chí Minh,Gò Vấp,NhaO,8227.0
93.1,2,2,TP. Hồ Chí Minh,Quận 7,CanHo,5919.0
181.4,3,2,TP. Hồ Chí Minh,Quận 12,NhaO,10486.0
80.3,2,2,Đà Nẵng,Quận Thanh Khê,CanHo,3329.0
82.8,2,2,Đà Nẵng,Quận Ngũ Hành Sơn,CanHo,3741.0
196.8,5,3,Bình Dương,Thành phố Dĩ An,NhaO,15845.0
242.8,5,5,Đà Nẵng,Quận Ngũ Hành Sơn,NhaO,25961.0
81.0,1,1,TP. Hồ Chí Minh,Gò Vấp,CanHo,2860.0
43.0,1,1,Đồng Nai,Thành phố Long Khánh,CanHo,1264.0
35.8,5,5,Đồng Nai,Thành phố Biên Hòa,NhaO,3813.0
44.8,2,2,Đồng Nai,Thành phố Biên Hòa,CanHo,1661.0
142.1,4,3,Đồng Nai,Huyện Long Thành,NhaO,10235.0
148.1,4,2,Hà Nội,Quận Hoàn Kiếm,NhaO,42299.0
94.7,3,3,Đà Nẵng,Quận Thanh Khê,CanHo,3818.0
111.5,2,1,Hà Nội,Quận Cầu Giấy,NhaO,18138.0
146.3,3,1,Đồng Nai,Huyện Nhơn Trạch,NhaO,7178.0
243.7,3,1,Hà Nội,Quận Hà Đông,NhaO,21932.0
69.7,1,1,Hà Nội,Quận Đống Đa,CanHo,5003.0
221.4,5,4,Hà Nội,Quận Đống Đa,NhaO,47082.0
219.3,5,5,Hà Nội,Quận Cầu Giấy,NhaO,45353.0
71.8,3,2,Hà Nội,Quận Thanh Xuân,CanHo,4484.0
83.6,2,2,Bình Dương,Thành phố Thuận An,CanHo,3142.0
74.4,3,2,Bình Dương,Thành phố Thủ Dầu Một,CanHo,3230.0
195.7,5,5,Hà Nội,Quận Long Biên,NhaO,24879.0
107.3,3,2,TP. Hồ Chí Minh,Bình Chánh,CanHo,2710.0
166.0,4,3,Hà Nội,Quận Hai Bà Trưng,NhaO,30864.0
56.2,2,2,Hà Nội,Quận Thanh Xuân,CanHo,3437.0
67.4,2,2,TP. Hồ Chí Minh,Bình Chánh,CanHo,1821.0
53.8,3,3,Bình Dương,Thành phố Dĩ An,CanHo,2102.0
108.1,1,1,Đồng Nai,Thành phố Long Khánh,CanHo,2839.0
212.2,3,3,Đà Nẵng,Quận Ngũ Hành Sơn,NhaO,19224.0
64.6,3,1,Đồng Nai,Thành phố Long Khánh,NhaO,3709.0
74.7,1,1,Đà Nẵng,Quận Liên Chiểu,CanHo,2143.0
107.4,3,3,Đồng Nai,Huyện Trảng Bom,CanHo,2283.0
59.1,4,4,Đà Nẵng,Quận Sơn Trà,NhaO,7565.0
107.9,1,1,Đồng Nai,Thành phố Long Khánh,CanHo,2936.0
71.0,5,4,Đà Nẵng,Quận Thanh Khê,NhaO,7055.0
61.0,3,2,TP. Hồ Chí Minh,Bình Thạnh,CanHo,4150.0
60.8,2,1,Hà Nội,Quận Hai Bà Trưng,NhaO,10316.0
128.3,5,5,TP. Hồ Chí Minh,Quận 12,NhaO,7808.0
239.3,3,2,TP. Hồ Chí Minh,Bình Chánh,NhaO,10433.0
135.0,5,5,Đà Nẵng,Quận Thanh Khê,NhaO,13220.0
39.0,2,1,Đà Nẵng,Quận Ngũ Hành Sơn,NhaO,3515.0
76.4,2,1,Bình Dương,Thị xã Bến Cát,CanHo,1598.0
119.9,2,2,Đồng Nai,Thành phố Long Khánh,CanHo,3634.0
225.3,5,3,Đà Nẵng,Quận Hải Châu,NhaO,30003.0
93.3,1,1,Hà Nội,Quận Cầu Giấy,CanHo,7173.0
108.4,3,3,Bình Dương,Thị xã Tân Uyên,NhaO,5706.0
100.7,1,1,TP. Hồ Chí Minh,Bình Thạnh,CanHo,6212.0
57.3,3,3,Hà Nội,Quận Long Biên,NhaO,5906.0
141.4,4,4,TP. Hồ Chí Minh,Gò Vấp,NhaO,12607.0
95.5,2,2,Bình Dương,Thành phố Dĩ An,CanHo,3749.0
41.3,5,4,Hà Nội,Quận Hai Bà Trưng,NhaO,8850.0
206.2,4,4,Đà Nẵng,Quận Sơn Trà,NhaO,27353.0
106.5,1,1,Bình Dương,Thành phố Dĩ An,CanHo,4038.0
74.7,5,3,Bình Dương,Thành phố Thuận An,NhaO,6336.0
62.5,2,1,Đà Nẵng,Quận Ngũ Hành Sơn,CanHo,2627.0
62.6,4,3,Hà Nội,Quận Long Biên,NhaO,7433.0
205.9,4,4,Hà Nội,Quận Thanh Xuân,NhaO,31282.0
118.1,2,2,Đồng Nai,Thành phố Biên Hòa,CanHo,4701.0
106.6,3,2,Đồng Nai,Thành phố Long Khánh,NhaO,6126.0
118.0,3,3,Đồng Nai,Huyện Nhơn Trạch,CanHo,2968.0
74.9,2,2,TP. Hồ Chí Minh,Quận 1,NhaO,17985.0
58.3,3,3,Đà Nẵng,Quận Ngũ Hành Sơn,CanHo,2691.0
109.1,2,2,Đồng Nai,Thành phố Long Khánh,CanHo,3338.0
117.3,1,1,Đồng Nai,Huyện Nhơn Trạch,CanHo,2874.0
63.9,3,2,Bình Dương,Thành phố Thủ Dầu Một,CanHo,2866.0
215.4,2,1,Đà Nẵng,Quận Hải Châu,NhaO,29015.0
112.9,3,3,Đà Nẵng,Quận Thanh Khê,CanHo,4758.0
167.0,2,1,Đồng Nai,Huyện Long Thành,NhaO,10146.0
124.3,2,1,Đà Nẵng,Quận Ngũ Hành Sơn,NhaO,10997.0
54.2,1,1,Hà Nội,Quận Hai Bà Trưng,CanHo,3624.0
170.1,3,2,TP. Hồ Chí Minh,Bình Thạnh,NhaO,23394.0
52.0,4,3,Hà Nội,Quận Hoàn Kiếm,NhaO,15695.0
73.7,1,1,Bình Dương,Thành phố Thủ Dầu Một,CanHo,2787.0
181.2,4,3,TP. Hồ Chí Minh,Bình Thạnh,NhaO,26299.0
227.7,5,5,Bình Dương,Thành phố Thuận An,NhaO,16989.0
246.0,5,5,Đà Nẵng,Quận Liên Chiểu,NhaO,18917.0
139.9,4,3,Bình Dương,Thị xã Tân Uyên,NhaO,7679.0
90.4,2,1,Đồng Nai,Huyện Trảng Bom,CanHo,1713.0
238.4,4,3,Hà Nội,Quận Hà Đông,NhaO,24532.0
37.1,5,4,TP. Hồ Chí Minh,Gò Vấp,NhaO,3088.0
206.3,2,1,Hà Nội,Quận Cầu Giấy,NhaO,30122.0
43.9,1,1,TP. Hồ Chí Minh,Bình Chánh,CanHo,1011.0
49.8,3,3,Bình Dương,Thị xã Tân Uyên,CanHo,1273.0
76.4,3,3,Hà Nội,Quận Hai Bà Trưng,CanHo,6488.0
95.6,4,3,Đà Nẵng,Quận Ngũ Hành Sơn,NhaO,9228.0
46.7,5,4,TP. Hồ Chí Minh,Bình Chánh,NhaO,2394.0
41.5,3,2,Đà Nẵng,Quận Thanh Khê,CanHo,1647.0
53.4,1,1,Bình Dương,Thị xã Tân Uyên,CanHo,1330.0
213.6,5,4,Đồng Nai,Huyện Trảng Bom,NhaO,11240.0
76.2,2,1,Đà Nẵng,Quận Hải Châu,CanHo,4113.0
52.6,1,1,Hà Nội,Quận Thanh Xuân,CanHo,2607.0
112.5,1,1,TP. Hồ Chí Minh,Bình Thạnh,CanHo,7743.0
70.8,3,2,Bình Dương,Thị xã Tân Uyên,CanHo,1968.0
76.3,4,4,TP. Hồ Chí Minh,Bình Thạnh,NhaO,11584.0
152.6,5,5,Bình Dương,Thị xã Bến Cát,NhaO,6974.0
75.6,3,2,Bình Dương,Thành phố Thuận An,CanHo,2880.0
70.9,2,2,TP. Hồ Chí Minh,Quận 1,CanHo,7955.0
42.3,1,1,Bình Dương,Thị xã Tân Uyên,CanHo,990.0
105.1,2,1,Bình Dương,Thị xã Tân Uyên,NhaO,5029.0
208.2,2,1,Hà Nội,Quận Đống Đa,NhaO,34183.0
100.5,4,2,Đồng Nai,Thành phố Biên Hòa,NhaO,8663.0
114.5,2,1,Đồng Nai,Huyện Long Thành,CanHo,3367.0
108.1,4,2,Đồng Nai,Thành phố Biên Hòa,NhaO,10043.0
54.3,1,1,Đà Nẵng,Quận Ngũ Hành Sơn,CanHo,2300.0
118.4,4,2,Đà Nẵng,Quận Ngũ Hành Sơn,NhaO,11336.0
68.7,1,1,Đà Nẵng,Quận Ngũ Hành Sơn,CanHo,3228.0
45.4,3,3,TP. Hồ Chí Minh,Quận 3,CanHo,4117.0
39.2,5,5,TP. Hồ Chí Minh,Quận 1,NhaO,11070.0
155.5,4,2,Đồng Nai,Huyện Nhơn Trạch,NhaO,8297.0
128.0,4,2,Hà Nội,Quận Thanh Xuân,NhaO,17668.0
134.9,5,4,Bình Dương,Thành phố Thuận An,NhaO,10325.0
97.8,2,2,Bình Dương,Thành phố Thủ Dầu Một,CanHo,4154.0
149.4,2,2,Đồng Nai,Huyện Trảng Bom,NhaO,6467.0
83.4,3,2,Đồng Nai,Huyện Nhơn Trạch,CanHo,2080.0
171.5,2,1,TP. Hồ Chí Minh,Quận 12,NhaO,8090.0
106.5,1,1,Đà Nẵng,Quận Sơn Trà,CanHo,5073.0
59.2,1,1,Đà Nẵng,Quận Liên Chiểu,CanHo,1473.0
39.1,5,4,Bình Dương,Thành phố Thủ Dầu Một,NhaO,3374.0
49.9,1,1,TP. Hồ Chí Minh,Quận 7,CanHo,2930.0
85.9,3,3,Hà Nội,Quận Hà Đông,CanHo,3973.0
41.3,4,4,Đồng Nai,Thành phố Long Khánh,NhaO,2392.0
91.2,3,2,Hà Nội,Quận Hà Đông,CanHo,3784.0
203.5,5,3,Bình Dương,Thị xã Bến Cát,NhaO,10324.0
80.0,3,2,Bình Dương,Thành phố Dĩ An,CanHo,3340.0
74.0,5,3,Đà Nẵng,Quận Hải Châu,NhaO,10526.0
47.9,1,1,Đà Nẵng,Quận Thanh Khê,CanHo,1722.0
205.2,5,4,TP. Hồ Chí Minh,Gò Vấp,NhaO,19493.0
87.8,1,1,Đồng Nai,Huyện Nhơn Trạch,CanHo,2055.0
84.8,2,2,TP. Hồ Chí Minh,Quận 1,CanHo,8699.0
84.1,3,2,Hà Nội,Quận Hà Đông,CanHo,3652.0
145.9,2,1,Đà Nẵng,Quận Hải Châu,NhaO,19005.0
47.2,1,1,Đà Nẵng,Quận Ngũ Hành Sơn,CanHo,2051.0
139.6,3,3,Đồng Nai,Huyện Trảng Bom,NhaO,5790.0
75.3,5,4,Bình Dương,Thị xã Tân Uyên,NhaO,4252.0
69.6,3,3,Bình Dương,Thị xã Bến Cát,CanHo,1891.0
108.7,5,3,Đồng Nai,Huyện Long Thành,NhaO,8595.0
75.9,3,3,TP. Hồ Chí Minh,Quận 7,NhaO,8507.0
65.4,1,1,Hà Nội,Quận Hai Bà Trưng,CanHo,5047.0
206.5,4,4,Đà Nẵng,Quận Ngũ Hành Sơn,NhaO,22207.0
108.1,4,2,Đồng Nai,Huyện Nhơn Trạch,NhaO,5647.0
58.4,3,2,Đà Nẵng,Quận Liên Chiểu,CanHo,1929.0
41.3,1,1,Đà Nẵng,Quận Ngũ Hành Sơn,CanHo,1680.0
126.9,2,1,Hà Nội,Quận Thanh Xuân,NhaO,17323.0
47.0,4,3,Hà Nội,Quận Hai Bà Trưng,NhaO,8173.0
103.7,1,1,Đồng Nai,Huyện Nhơn Trạch,CanHo,2431.0
98.7,4,2,Bình Dương,Thành phố Dĩ An,NhaO,6767.0
89.4,3,2,Đồng Nai,Thành phố Biên Hòa,CanHo,3907.0
94.0,1,1,Đồng Nai,Thành phố Long Khánh,CanHo,2770.0
73.7,2,2,Bình Dương,Thị xã Bến Cát,CanHo,1676.0
110.0,1,1,Hà Nội,Quận Long Biên,CanHo,4961.0
118.0,3,3,Bình Dương,Thành phố Thuận An,CanHo,4242.0
125.2,4,2,Đồng Nai,Thành phố Biên Hòa,NhaO,12123.0
66.9,3,2,Đà Nẵng,Quận Sơn Trà,CanHo,3912.0
99.0,2,1,Hà Nội,Quận Đống Đa,CanHo,7475.0
170.8,4,2,Bình Dương,Thành phố Dĩ An,NhaO,13780.0
215.0,2,1,Đà Nẵng,Quận Hải Châu,NhaO,25923.0
65.2,2,1,Bình Dương,Thành phố Thuận An,CanHo,2090.0
54.8,5,4,TP. Hồ Chí Minh,Quận 7,NhaO,7753.0
124.6,3,1,Đà Nẵng,Quận Thanh Khê,NhaO,11801.0
226.0,4,3,Đồng Nai,Thành phố Biên Hòa,NhaO,20192.0
108.5,1,1,Hà Nội,Quận Hai Bà Trưng,CanHo,8452.0
163.4,3,3,Hà Nội,Quận Đống Đa,NhaO,29249.0
87.4,2,1,Đà Nẵng,Quận Ngũ Hành Sơn,CanHo,4009.0
156.6,4,3,Bình Dương,Thành phố Thủ Dầu Một,NhaO,14258.0
69.4,3,3,Đồng Nai,Huyện Long Thành,CanHo,2226.0
77.5,3,2,Đà Nẵng,Quận Liên Chiểu,NhaO,5405.0
166.7,5,4,Đà Nẵng,Quận Thanh Khê,NhaO,17750.0
93.3,2,2,Hà Nội,Quận Hai Bà Trưng,CanHo,7244.0
65.3,3,2,Bình Dương,Thành phố Thuận An,CanHo,2150.0
53.0,1,1,Hà Nội,Quận Thanh Xuân,CanHo,2680.0
88.7,3,3,Hà Nội,Quận Hai Bà Trưng,CanHo,6900.0
50.8,2,1,Đồng Nai,Huyện Long Thành,NhaO,2926.0
103.8,2,2,TP. Hồ Chí Minh,Quận 7,CanHo,6563.0
244.9,4,2,Đà Nẵng,Quận Liên Chiểu,NhaO,16114.0
122.7,4,2,TP. Hồ Chí Minh,Quận 12,NhaO,7069.0
118.0,2,2,Bình Dương,Thị xã Bến Cát,NhaO,5068.0
151.5,5,5,Đà Nẵng,Quận Hải Châu,NhaO,22730.0
169.7,2,1,Đồng Nai,Thành phố Biên Hòa,NhaO,14597.0
76.5,1,1,Bình Dương,Thành phố Thủ Dầu Một,CanHo,2854.0
56.0,1,1,Đồng Nai,Huyện Trảng Bom,CanHo,981.0
129.4,5,5,TP. Hồ Chí Minh,Quận 12,NhaO,8854.0
52.6,1,1,TP. Hồ Chí Minh,Gò Vấp,CanHo,1891.0
